140801,"10166869",2
140801,"10166870",5
140801,"10166871",15
140801,"10166872",25
140801,"10166874",2
140801,"10166877",7
140801,"10166881",12
140801,"10166882",11
140801,"10166886",1
140801,"10166888",2
140801,"10166890",28
140801,"10166891",36
140801,"10166892",17
140801,"10166894",25
140801,"10166896",1
140801,"10166897",7
140801,"10166898",1
140801,"10166899",7
140801,"10166900",4
140801,"10166901",13
140801,"10166903",19
140801,"10166905",1
140801,"10166908",19
140801,"10166911",26
140801,"10166912",5
140801,"10166913",3
140801,"10166914",7
140801,"10166915",2
140801,"10166918",66
140801,"10166919",4
140801,"10166920",5
140801,"10166921",17
140801,"10166922",13
140801,"10166923",2
140801,"10166925",30
140801,"10166927",12
140801,"10166928",95
140801,"10166929",39
140801,"10166930",1
140801,"10166931",1
140801,"10166933",1
140801,"10166935",15
140801,"10166936",13
140801,"10166937",16
140801,"10166938",8
140801,"10166939",4
140801,"10166940",2
140801,"10166942",6
140801,"10166943",5
140801,"10166944",2
140801,"10166945",3
140801,"10166946",1
140801,"10166947",19
140801,"10166948",11
140801,"10166949",16
140801,"10166950",8
140801,"10175930",1
140801,"10175932",5
140801,"10175933",5
140801,"10175934",4
140801,"10212918",1
140801,"10212921",1
140801,"10212924",11
140801,"10212927",1
140801,"10212938",2
140801,"10213024",2
140801,"10213272",1
140801,"10213811",7
140801,"10213812",4
140801,"10213813",4
140801,"10213814",4
140801,"10213817",1
140801,"10216955",3
140801,"10216956",38
140801,"10216957",11
140801,"10216959",27
140801,"10216961",2
140801,"10217051",11
140801,"10217053",19
140801,"10217054",3
140801,"10217055",8
140801,"10217056",190
140801,"10217057",1
140801,"10217058",6
140801,"10230653",1
140801,"10230655",6
140801,"10230659",36
140801,"10230661",1
140801,"10230686",5
140801,"10230687",4
140801,"10230688",2
140801,"10230699",6
140801,"10249783",30
140801,"10249784",12
140801,"10249785",47
140801,"10259607",1
140802,"10166869",2
140802,"10166870",9
140802,"10166871",10
140802,"10166872",32
140802,"10166873",1
140802,"10166881",8
140802,"10166882",11
140802,"10166885",3
140802,"10166888",1
140802,"10166889",5
140802,"10166890",4
140802,"10166891",29
140802,"10166892",3
140802,"10166894",8
140802,"10166897",6
140802,"10166898",6
140802,"10166900",2
140802,"10166901",11
140802,"10166903",35
140802,"10166904",1
140802,"10166905",2
140802,"10166907",2
140802,"10166908",19
140802,"10166911",20
140802,"10166912",4
140802,"10166913",2
140802,"10166914",7
140802,"10166918",45
140802,"10166919",4
140802,"10166920",1
140802,"10166921",23
140802,"10166922",12
140802,"10166923",2
140802,"10166925",18
140802,"10166927",4
140802,"10166928",71
140802,"10166929",6
140802,"10166930",2
140802,"10166931",5
140802,"10166934",2
140802,"10166935",9
140802,"10166936",6
140802,"10166937",13
140802,"10166938",2
140802,"10166939",1
140802,"10166940",2
140802,"10166943",6
140802,"10166944",2
140802,"10166947",33
140802,"10166948",9
140802,"10166949",40
140802,"10166950",2
140802,"10175929",1
140802,"10175931",1
140802,"10175932",9
140802,"10175933",2
140802,"10175934",1
140802,"10175935",3
140802,"10212918",1
140802,"10212924",12
140802,"10212927",1
140802,"10212937",1
140802,"10212938",5
140802,"10213024",2
140802,"10213025",3
140802,"10213273",1
140802,"10213811",5
140802,"10213812",4
140802,"10213813",1
140802,"10213814",4
140802,"10213817",1
140802,"10216956",30
140802,"10216957",5
140802,"10216959",20
140802,"10216961",1
140802,"10217051",11
140802,"10217053",12
140802,"10217054",1
140802,"10217055",2
140802,"10217056",47
140802,"10217058",1
140802,"10230654",1
140802,"10230655",5
140802,"10230659",46
140802,"10230661",2
140802,"10230686",2
140802,"10230699",12
140802,"10249783",20
140802,"10249784",5
140802,"10249785",34
140802,"10259555",1
140802,"10259607",5
140803,"10166869",3
140803,"10166870",11
140803,"10166871",3
140803,"10166872",25
140803,"10166877",1
140803,"10166881",8
140803,"10166882",8
140803,"10166887",1
140803,"10166888",2
140803,"10166890",5
140803,"10166891",33
140803,"10166892",5
140803,"10166894",7
140803,"10166896",1
140803,"10166897",8
140803,"10166898",4
140803,"10166900",5
140803,"10166901",10
140803,"10166903",34
140803,"10166905",3
140803,"10166908",21
140803,"10166911",24
140803,"10166912",5
140803,"10166914",3
140803,"10166915",1
140803,"10166918",46
140803,"10166919",4
140803,"10166921",17
140803,"10166922",14
140803,"10166925",16
140803,"10166927",6
140803,"10166928",56
140803,"10166929",15
140803,"10166930",3
140803,"10166935",8
140803,"10166936",4
140803,"10166937",7
140803,"10166938",2
140803,"10166939",3
140803,"10166940",1
140803,"10166943",2
140803,"10166945",1
140803,"10166947",19
140803,"10166948",13
140803,"10166949",34
140803,"10166950",6
140803,"10175931",1
140803,"10175932",13
140803,"10175933",7
140803,"10175934",1
140803,"10212918",2
140803,"10212924",28
140803,"10212927",2
140803,"10212938",5
140803,"10213024",1
140803,"10213025",2
140803,"10213811",9
140803,"10213812",6
140803,"10213813",3
140803,"10213814",4
140803,"10216956",25
140803,"10216957",4
140803,"10216959",20
140803,"10216961",2
140803,"10217051",10
140803,"10217053",18
140803,"10217055",3
140803,"10217056",60
140803,"10230655",1
140803,"10230659",35
140803,"10230661",1
140803,"10230686",3
140803,"10230687",1
140803,"10230691",1
140803,"10230697",1
140803,"10230699",2
140803,"10249783",25
140803,"10249784",7
140803,"10249785",29
140803,"10259607",3
140804,"10166869",4
140804,"10166870",10
140804,"10166871",8
140804,"10166872",28
140804,"10166873",1
140804,"10166874",6
140804,"10166881",12
140804,"10166882",11
140804,"10166885",3
140804,"10166889",2
140804,"10166890",12
140804,"10166891",39
140804,"10166892",8
140804,"10166894",10
140804,"10166897",6
140804,"10166898",2
140804,"10166899",1
140804,"10166900",5
140804,"10166901",24
140804,"10166903",42
140804,"10166905",6
140804,"10166906",1
140804,"10166908",25
140804,"10166911",31
140804,"10166912",10
140804,"10166914",10
140804,"10166918",169
140804,"10166919",6
140804,"10166921",35
140804,"10166922",19
140804,"10166923",1
140804,"10166925",27
140804,"10166927",12
140804,"10166928",116
140804,"10166929",16
140804,"10166930",2
140804,"10166931",1
140804,"10166934",15
140804,"10166935",21
140804,"10166936",15
140804,"10166937",9
140804,"10166938",13
140804,"10166939",4
140804,"10166940",1
140804,"10166943",4
140804,"10166944",4
140804,"10166945",4
140804,"10166946",1
140804,"10166947",30
140804,"10166948",23
140804,"10166949",45
140804,"10166950",4
140804,"10175931",1
140804,"10175932",12
140804,"10175933",8
140804,"10212918",1
140804,"10212921",2
140804,"10212924",19
140804,"10212930",1
140804,"10212937",1
140804,"10212938",6
140804,"10213024",3
140804,"10213025",4
140804,"10213272",2
140804,"10213273",1
140804,"10213811",6
140804,"10213812",2
140804,"10213813",1
140804,"10213814",3
140804,"10213816",1
140804,"10213817",2
140804,"10216956",29
140804,"10216957",8
140804,"10216959",19
140804,"10216961",1
140804,"10217051",3
140804,"10217052",1
140804,"10217053",68
140804,"10217055",4
140804,"10217056",115
140804,"10217057",2
140804,"10230644",2
140804,"10230653",1
140804,"10230654",1
140804,"10230655",13
140804,"10230659",56
140804,"10230661",2
140804,"10230682",1
140804,"10230686",2
140804,"10230687",2
140804,"10230699",7
140804,"10249783",34
140804,"10249784",4
140804,"10249785",30
140804,"10259555",1
140804,"10259607",7
140805,"10166869",1
140805,"10166870",8
140805,"10166871",18
140805,"10166872",23
140805,"10166873",1
140805,"10166874",1
140805,"10166881",10
140805,"10166882",16
140805,"10166885",5
140805,"10166888",3
140805,"10166889",1
140805,"10166890",8
140805,"10166891",32
140805,"10166892",5
140805,"10166893",2
140805,"10166894",7
140805,"10166898",2
140805,"10166899",2
140805,"10166900",4
140805,"10166901",8
140805,"10166902",10
140805,"10166903",44
140805,"10166904",1
140805,"10166905",4
140805,"10166908",19
140805,"10166909",7
140805,"10166910",1
140805,"10166911",19
140805,"10166912",5
140805,"10166913",2
140805,"10166914",9
140805,"10166918",45
140805,"10166919",6
140805,"10166920",1
140805,"10166921",7
140805,"10166922",1
140805,"10166925",11
140805,"10166926",24
140805,"10166927",7
140805,"10166928",76
140805,"10166929",23
140805,"10166934",10
140805,"10166935",40
140805,"10166936",4
140805,"10166937",8
140805,"10166938",4
140805,"10166939",1
140805,"10166940",1
140805,"10166943",2
140805,"10166944",1
140805,"10166945",6
140805,"10166946",1
140805,"10166947",31
140805,"10166948",20
140805,"10166949",32
140805,"10166950",2
140805,"10175932",8
140805,"10175933",6
140805,"10175934",2
140805,"10212924",20
140805,"10212927",4
140805,"10212930",3
140805,"10212937",1
140805,"10212938",3
140805,"10213024",4
140805,"10213025",4
140805,"10213272",2
140805,"10213811",9
140805,"10213812",4
140805,"10213814",1
140805,"10216956",26
140805,"10216957",6
140805,"10216959",20
140805,"10216960",3
140805,"10216961",2
140805,"10217051",12
140805,"10217053",16
140805,"10217055",2
140805,"10217056",69
140805,"10230644",1
140805,"10230654",1
140805,"10230655",6
140805,"10230659",59
140805,"10230661",2
140805,"10230686",3
140805,"10230687",3
140805,"10230688",1
140805,"10230691",1
140805,"10230699",12
140805,"10249783",33
140805,"10249784",12
140805,"10249785",34
140805,"10259607",1
140806,"10166869",1
140806,"10166870",7
140806,"10166871",7
140806,"10166872",24
140806,"10166877",3
140806,"10166881",13
140806,"10166882",21
140806,"10166885",1
140806,"10166887",1
140806,"10166888",1
140806,"10166889",1
140806,"10166890",8
140806,"10166891",25
140806,"10166892",8
140806,"10166893",16
140806,"10166894",9
140806,"10166899",2
140806,"10166900",3
140806,"10166901",12
140806,"10166902",42
140806,"10166903",41
140806,"10166905",8
140806,"10166908",19
140806,"10166909",12
140806,"10166910",16
140806,"10166911",22
140806,"10166912",9
140806,"10166914",4
140806,"10166915",1
140806,"10166917",94
140806,"10166918",32
140806,"10166919",9
140806,"10166925",23
140806,"10166926",78
140806,"10166927",8
140806,"10166928",64
140806,"10166929",25
140806,"10166930",1
140806,"10166933",1
140806,"10166934",6
140806,"10166935",11
140806,"10166936",9
140806,"10166937",12
140806,"10166938",8
140806,"10166939",2
140806,"10166940",1
140806,"10166942",1
140806,"10166943",1
140806,"10166944",3
140806,"10166945",2
140806,"10166946",1
140806,"10166947",24
140806,"10166948",14
140806,"10166949",14
140806,"10175932",6
140806,"10175933",7
140806,"10175935",4
140806,"10175936",1
140806,"10212918",3
140806,"10212924",15
140806,"10212927",1
140806,"10212938",3
140806,"10213024",9
140806,"10213025",1
140806,"10213273",1
140806,"10213811",8
140806,"10213812",1
140806,"10213813",3
140806,"10213814",3
140806,"10213815",1
140806,"10216956",19
140806,"10216957",5
140806,"10216959",25
140806,"10217051",7
140806,"10217052",1
140806,"10217053",18
140806,"10217055",5
140806,"10217056",61
140806,"10230654",1
140806,"10230655",6
140806,"10230659",59
140806,"10230661",2
140806,"10230682",2
140806,"10230686",1
140806,"10230687",3
140806,"10230688",1
140806,"10230691",1
140806,"10230699",17
140806,"10249783",28
140806,"10249784",3
140806,"10249785",33
140806,"10259607",7
140807,"10166869",2
140807,"10166870",5
140807,"10166871",12
140807,"10166872",29
140807,"10166881",11
140807,"10166882",19
140807,"10166885",5
140807,"10166889",1
140807,"10166890",7
140807,"10166891",25
140807,"10166892",9
140807,"10166893",8
140807,"10166894",9
140807,"10166896",2
140807,"10166899",1
140807,"10166900",6
140807,"10166901",12
140807,"10166902",31
140807,"10166903",41
140807,"10166904",1
140807,"10166905",4
140807,"10166907",1
140807,"10166908",15
140807,"10166909",7
140807,"10166910",14
140807,"10166911",25
140807,"10166912",8
140807,"10166914",4
140807,"10166915",2
140807,"10166917",118
140807,"10166918",55
140807,"10166919",10
140807,"10166920",3
140807,"10166923",1
140807,"10166925",11
140807,"10166926",49
140807,"10166927",10
140807,"10166928",68
140807,"10166929",35
140807,"10166930",1
140807,"10166933",1
140807,"10166934",6
140807,"10166935",5
140807,"10166936",12
140807,"10166937",9
140807,"10166938",8
140807,"10166939",2
140807,"10166943",8
140807,"10166945",1
140807,"10166947",39
140807,"10166948",15
140807,"10166949",17
140807,"10166950",2
140807,"10175931",1
140807,"10175932",7
140807,"10175933",1
140807,"10175935",2
140807,"10212917",1
140807,"10212918",3
140807,"10212924",8
140807,"10212937",1
140807,"10212938",5
140807,"10213024",3
140807,"10213025",1
140807,"10213272",1
140807,"10213273",1
140807,"10213811",7
140807,"10213812",3
140807,"10213813",1
140807,"10213814",6
140807,"10216956",19
140807,"10216957",9
140807,"10216959",10
140807,"10216961",1
140807,"10217051",3
140807,"10217053",15
140807,"10217055",4
140807,"10217056",78
140807,"10230644",2
140807,"10230655",6
140807,"10230659",54
140807,"10230661",1
140807,"10230686",3
140807,"10230687",2
140807,"10230699",4
140807,"10249783",27
140807,"10249784",6
140807,"10249785",27
140807,"10259607",6
140808,"10166869",2
140808,"10166870",6
140808,"10166871",9
140808,"10166872",33
140808,"10166874",1
140808,"10166881",8
140808,"10166882",8
140808,"10166887",1
140808,"10166890",5
140808,"10166891",37
140808,"10166892",5
140808,"10166893",11
140808,"10166894",5
140808,"10166899",1
140808,"10166900",5
140808,"10166901",9
140808,"10166902",24
140808,"10166903",43
140808,"10166904",1
140808,"10166905",1
140808,"10166906",1
140808,"10166908",10
140808,"10166909",6
140808,"10166910",10
140808,"10166911",26
140808,"10166912",11
140808,"10166914",7
140808,"10166917",111
140808,"10166918",49
140808,"10166919",7
140808,"10166920",3
140808,"10166925",17
140808,"10166926",34
140808,"10166927",8
140808,"10166928",72
140808,"10166929",10
140808,"10166931",1
140808,"10166934",1
140808,"10166935",6
140808,"10166936",8
140808,"10166937",8
140808,"10166938",8
140808,"10166939",2
140808,"10166940",1
140808,"10166942",1
140808,"10166943",5
140808,"10166945",1
140808,"10166946",1
140808,"10166947",27
140808,"10166948",7
140808,"10166949",18
140808,"10166950",2
140808,"10175931",1
140808,"10175932",5
140808,"10175933",5
140808,"10175934",1
140808,"10175935",2
140808,"10212918",3
140808,"10212924",12
140808,"10212927",2
140808,"10212937",4
140808,"10212938",2
140808,"10213024",4
140808,"10213811",5
140808,"10213812",4
140808,"10213813",2
140808,"10213814",3
140808,"10213817",1
140808,"10216956",16
140808,"10216957",2
140808,"10216959",12
140808,"10216960",1
140808,"10217051",6
140808,"10217053",10
140808,"10217055",2
140808,"10217056",75
140808,"10230653",1
140808,"10230655",4
140808,"10230659",56
140808,"10230686",2
140808,"10230687",1
140808,"10230688",3
140808,"10230691",1
140808,"10230695",1
140808,"10230699",4
140808,"10249783",28
140808,"10249784",5
140808,"10249785",35
140808,"10259607",2
140809,"10166869",2
140809,"10166870",6
140809,"10166871",6
140809,"10166872",28
140809,"10166874",2
140809,"10166877",1
140809,"10166881",6
140809,"10166882",5
140809,"10166885",1
140809,"10166887",1
140809,"10166889",1
140809,"10166890",3
140809,"10166891",29
140809,"10166892",4
140809,"10166893",7
140809,"10166894",10
140809,"10166899",1
140809,"10166900",2
140809,"10166901",16
140809,"10166902",25
140809,"10166903",46
140809,"10166905",2
140809,"10166908",14
140809,"10166909",10
140809,"10166910",30
140809,"10166911",34
140809,"10166912",11
140809,"10166914",6
140809,"10166915",7
140809,"10166917",140
140809,"10166918",39
140809,"10166919",6
140809,"10166920",2
140809,"10166925",18
140809,"10166926",45
140809,"10166927",5
140809,"10166928",49
140809,"10166929",11
140809,"10166930",2
140809,"10166931",1
140809,"10166932",1
140809,"10166934",3
140809,"10166935",6
140809,"10166936",7
140809,"10166937",2
140809,"10166939",3
140809,"10166943",2
140809,"10166947",27
140809,"10166948",18
140809,"10166949",33
140809,"10166950",5
140809,"10175932",8
140809,"10175933",3
140809,"10175934",1
140809,"10175935",2
140809,"10212918",1
140809,"10212921",1
140809,"10212924",20
140809,"10212927",1
140809,"10212937",1
140809,"10212938",3
140809,"10213024",3
140809,"10213025",1
140809,"10213272",1
140809,"10213811",6
140809,"10213812",1
140809,"10213813",1
140809,"10213814",4
140809,"10216956",18
140809,"10216957",3
140809,"10216959",17
140809,"10216960",1
140809,"10217051",14
140809,"10217053",19
140809,"10217055",2
140809,"10217056",83
140809,"10230645",1
140809,"10230655",7
140809,"10230659",64
140809,"10230661",1
140809,"10230687",2
140809,"10230688",3
140809,"10230691",1
140809,"10230699",6
140809,"10249783",28
140809,"10249784",5
140809,"10249785",23
140809,"10259607",3
140810,"10166869",2
140810,"10166870",9
140810,"10166871",3
140810,"10166872",26
140810,"10166881",1
140810,"10166882",2
140810,"10166889",1
140810,"10166890",4
140810,"10166891",27
140810,"10166892",6
140810,"10166893",6
140810,"10166894",5
140810,"10166900",6
140810,"10166901",15
140810,"10166902",27
140810,"10166903",49
140810,"10166904",1
140810,"10166905",2
140810,"10166906",1
140810,"10166907",1
140810,"10166908",27
140810,"10166909",15
140810,"10166910",21
140810,"10166911",39
140810,"10166912",8
140810,"10166914",2
140810,"10166917",151
140810,"10166918",53
140810,"10166919",6
140810,"10166920",2
140810,"10166925",13
140810,"10166926",58
140810,"10166927",10
140810,"10166928",62
140810,"10166929",22
140810,"10166930",2
140810,"10166934",2
140810,"10166935",7
140810,"10166936",4
140810,"10166937",3
140810,"10166938",5
140810,"10166939",5
140810,"10166943",3
140810,"10166944",1
140810,"10166945",1
140810,"10166946",1
140810,"10166947",34
140810,"10166948",12
140810,"10166949",52
140810,"10166950",4
140810,"10175931",1
140810,"10175932",7
140810,"10175933",2
140810,"10175934",2
140810,"10175935",1
140810,"10212918",3
140810,"10212924",16
140810,"10212937",2
140810,"10213024",3
140810,"10213025",7
140810,"10213811",3
140810,"10213812",6
140810,"10213813",2
140810,"10213814",2
140810,"10216956",36
140810,"10216957",3
140810,"10216959",7
140810,"10216960",2
140810,"10216961",2
140810,"10217051",20
140810,"10217053",31
140810,"10217055",2
140810,"10217056",87
140810,"10230647",1
140810,"10230655",7
140810,"10230659",68
140810,"10230661",1
140810,"10230682",1
140810,"10230686",2
140810,"10230687",2
140810,"10230699",10
140810,"10249783",33
140810,"10249784",4
140810,"10249785",24
140810,"10259607",6
140811,"10166869",3
140811,"10166870",9
140811,"10166871",10
140811,"10166872",29
140811,"10166873",1
140811,"10166874",2
140811,"10166877",1
140811,"10166881",3
140811,"10166882",1
140811,"10166884",1
140811,"10166886",1
140811,"10166890",7
140811,"10166891",31
140811,"10166892",2
140811,"10166893",12
140811,"10166894",6
140811,"10166899",2
140811,"10166900",9
140811,"10166901",15
140811,"10166902",29
140811,"10166903",46
140811,"10166904",1
140811,"10166905",3
140811,"10166908",22
140811,"10166909",9
140811,"10166910",8
140811,"10166911",19
140811,"10166912",8
140811,"10166913",1
140811,"10166914",4
140811,"10166915",3
140811,"10166917",96
140811,"10166918",32
140811,"10166919",5
140811,"10166920",2
140811,"10166925",9
140811,"10166926",50
140811,"10166927",12
140811,"10166928",63
140811,"10166929",36
140811,"10166930",1
140811,"10166934",1
140811,"10166935",6
140811,"10166936",9
140811,"10166937",9
140811,"10166938",3
140811,"10166940",3
140811,"10166943",4
140811,"10166945",1
140811,"10166947",32
140811,"10166948",23
140811,"10166949",22
140811,"10166950",2
140811,"10175931",4
140811,"10175932",3
140811,"10175933",7
140811,"10175934",3
140811,"10212918",2
140811,"10212924",15
140811,"10212931",1
140811,"10212937",3
140811,"10212938",3
140811,"10213024",4
140811,"10213025",2
140811,"10213272",1
140811,"10213273",1
140811,"10213811",4
140811,"10213812",5
140811,"10213813",3
140811,"10213814",7
140811,"10213817",1
140811,"10216956",14
140811,"10216957",6
140811,"10216959",11
140811,"10217051",9
140811,"10217053",28
140811,"10217055",3
140811,"10217056",79
140811,"10230653",1
140811,"10230655",9
140811,"10230659",51
140811,"10230661",2
140811,"10230682",1
140811,"10230686",1
140811,"10230687",3
140811,"10230688",2
140811,"10230699",10
140811,"10249783",27
140811,"10249784",3
140811,"10249785",28
140811,"10259607",2
140812,"10166869",2
140812,"10166870",8
140812,"10166871",8
140812,"10166872",26
140812,"10166873",1
140812,"10166874",3
140812,"10166877",1
140812,"10166881",6
140812,"10166882",5
140812,"10166889",2
140812,"10166890",4
140812,"10166891",37
140812,"10166892",3
140812,"10166893",10
140812,"10166894",7
140812,"10166899",1
140812,"10166900",4
140812,"10166901",13
140812,"10166902",27
140812,"10166903",40
140812,"10166904",1
140812,"10166905",3
140812,"10166906",1
140812,"10166908",20
140812,"10166909",4
140812,"10166910",15
140812,"10166911",21
140812,"10166912",10
140812,"10166913",1
140812,"10166914",7
140812,"10166915",1
140812,"10166917",90
140812,"10166918",41
140812,"10166919",4
140812,"10166920",3
140812,"10166925",12
140812,"10166926",35
140812,"10166927",3
140812,"10166928",53
140812,"10166929",26
140812,"10166931",1
140812,"10166932",1
140812,"10166935",6
140812,"10166936",3
140812,"10166937",5
140812,"10166938",5
140812,"10166939",1
140812,"10166940",3
140812,"10166943",3
140812,"10166945",4
140812,"10166947",32
140812,"10166948",20
140812,"10166949",29
140812,"10166950",6
140812,"10175931",1
140812,"10175932",4
140812,"10175933",2
140812,"10175935",1
140812,"10212918",1
140812,"10212920",1
140812,"10212924",39
140812,"10212937",5
140812,"10212938",7
140812,"10213024",2
140812,"10213025",4
140812,"10213272",2
140812,"10213811",6
140812,"10213813",1
140812,"10213814",6
140812,"10216956",13
140812,"10216957",8
140812,"10216959",8
140812,"10216960",1
140812,"10216961",1
140812,"10217051",11
140812,"10217053",16
140812,"10217055",4
140812,"10217056",67
140812,"10230653",1
140812,"10230655",7
140812,"10230659",45
140812,"10230661",1
140812,"10230686",5
140812,"10230687",1
140812,"10230699",9
140812,"10249783",22
140812,"10249784",4
140812,"10249785",30
140812,"10259607",2
140813,"10166869",2
140813,"10166870",10
140813,"10166871",10
140813,"10166872",20
140813,"10166874",2
140813,"10166877",2
140813,"10166881",3
140813,"10166882",4
140813,"10166887",1
140813,"10166889",2
140813,"10166890",5
140813,"10166891",27
140813,"10166892",5
140813,"10166893",11
140813,"10166894",8
140813,"10166899",1
140813,"10166900",5
140813,"10166901",9
140813,"10166902",27
140813,"10166903",47
140813,"10166905",3
140813,"10166906",1
140813,"10166908",13
140813,"10166909",9
140813,"10166910",10
140813,"10166911",21
140813,"10166912",14
140813,"10166913",1
140813,"10166914",6
140813,"10166915",1
140813,"10166917",82
140813,"10166918",33
140813,"10166919",7
140813,"10166925",21
140813,"10166926",37
140813,"10166927",10
140813,"10166928",66
140813,"10166929",23
140813,"10166930",2
140813,"10166935",3
140813,"10166936",2
140813,"10166937",5
140813,"10166938",4
140813,"10166939",2
140813,"10166940",1
140813,"10166943",3
140813,"10166945",3
140813,"10166946",1
140813,"10166947",13
140813,"10166948",15
140813,"10166949",22
140813,"10166950",2
140813,"10175931",1
140813,"10175932",10
140813,"10175933",6
140813,"10175935",1
140813,"10212918",1
140813,"10212919",1
140813,"10212921",1
140813,"10212924",16
140813,"10212927",1
140813,"10212928",1
140813,"10212938",8
140813,"10213024",6
140813,"10213025",2
140813,"10213272",2
140813,"10213811",2
140813,"10213812",5
140813,"10213813",4
140813,"10213814",5
140813,"10213817",3
140813,"10213818",1
140813,"10216956",20
140813,"10216957",10
140813,"10216959",13
140813,"10217051",11
140813,"10217053",11
140813,"10217055",3
140813,"10217056",65
140813,"10230653",2
140813,"10230655",5
140813,"10230659",38
140813,"10230661",2
140813,"10230686",2
140813,"10230687",2
140813,"10230688",1
140813,"10230697",1
140813,"10230699",3
140813,"10249783",18
140813,"10249784",8
140813,"10249785",18
140813,"10259555",2
140813,"10259607",2
140814,"10166869",2
140814,"10166870",7
140814,"10166871",11
140814,"10166872",20
140814,"10166873",1
140814,"10166877",2
140814,"10166881",2
140814,"10166882",3
140814,"10166885",1
140814,"10166887",1
140814,"10166888",1
140814,"10166890",3
140814,"10166891",35
140814,"10166892",5
140814,"10166893",6
140814,"10166894",11
140814,"10166899",1
140814,"10166900",3
140814,"10166901",12
140814,"10166902",34
140814,"10166903",44
140814,"10166905",3
140814,"10166907",1
140814,"10166908",15
140814,"10166909",8
140814,"10166910",18
140814,"10166911",18
140814,"10166912",8
140814,"10166914",3
140814,"10166915",1
140814,"10166917",87
140814,"10166918",26
140814,"10166919",3
140814,"10166925",14
140814,"10166926",48
140814,"10166927",4
140814,"10166928",70
140814,"10166929",22
140814,"10166935",4
140814,"10166936",4
140814,"10166937",2
140814,"10166938",7
140814,"10166939",4
140814,"10166940",2
140814,"10166942",1
140814,"10166943",4
140814,"10166944",4
140814,"10166945",1
140814,"10166946",1
140814,"10166947",14
140814,"10166948",17
140814,"10166949",18
140814,"10166950",2
140814,"10175931",2
140814,"10175932",9
140814,"10175933",1
140814,"10175935",1
140814,"10212918",2
140814,"10212924",17
140814,"10212927",2
140814,"10212937",3
140814,"10212938",3
140814,"10213024",5
140814,"10213811",3
140814,"10213812",1
140814,"10213814",4
140814,"10213818",1
140814,"10216956",19
140814,"10216957",9
140814,"10216959",6
140814,"10216961",1
140814,"10217051",8
140814,"10217053",11
140814,"10217055",4
140814,"10217056",62
140814,"10230655",7
140814,"10230659",48
140814,"10230661",2
140814,"10230686",1
140814,"10230687",1
140814,"10230699",7
140814,"10249783",20
140814,"10249784",5
140814,"10249785",26
140814,"10259555",1
140814,"10259607",3
140815,"10166869",2
140815,"10166870",6
140815,"10166871",10
140815,"10166872",23
140815,"10166873",1
140815,"10166874",2
140815,"10166881",3
140815,"10166882",5
140815,"10166885",3
140815,"10166891",33
140815,"10166892",4
140815,"10166893",8
140815,"10166894",12
140815,"10166896",3
140815,"10166899",2
140815,"10166900",4
140815,"10166901",14
140815,"10166902",26
140815,"10166903",24
140815,"10166904",1
140815,"10166905",3
140815,"10166908",9
140815,"10166909",6
140815,"10166910",44
140815,"10166911",24
140815,"10166912",9
140815,"10166914",5
140815,"10166917",55
140815,"10166918",30
140815,"10166919",6
140815,"10166920",1
140815,"10166923",1
140815,"10166925",9
140815,"10166926",37
140815,"10166927",6
140815,"10166928",64
140815,"10166929",15
140815,"10166934",1
140815,"10166935",2
140815,"10166936",6
140815,"10166937",10
140815,"10166938",4
140815,"10166939",6
140815,"10166940",2
140815,"10166943",3
140815,"10166945",1
140815,"10166947",23
140815,"10166948",13
140815,"10166949",16
140815,"10166950",3
140815,"10175930",1
140815,"10175931",1
140815,"10175932",3
140815,"10175933",6
140815,"10175934",1
140815,"10175935",1
140815,"10212918",1
140815,"10212924",17
140815,"10212927",3
140815,"10212937",3
140815,"10212938",4
140815,"10213024",6
140815,"10213812",3
140815,"10216956",14
140815,"10216957",11
140815,"10216959",10
140815,"10216960",1
140815,"10216961",2
140815,"10217051",6
140815,"10217053",11
140815,"10217056",60
140815,"10230655",8
140815,"10230659",44
140815,"10230661",1
140815,"10230686",4
140815,"10230687",3
140815,"10230699",5
140815,"10249783",15
140815,"10249784",5
140815,"10249785",19
140815,"10259555",1
140815,"10259607",3
140815,"10273321",6
140815,"10273322",3
140815,"10273323",2
140815,"10273324",1
140815,"10273326",31
140815,"10273329",1
140816,"10166869",2
140816,"10166870",6
140816,"10166871",10
140816,"10166872",21
140816,"10166873",1
140816,"10166874",4
140816,"10166877",1
140816,"10166881",3
140816,"10166882",6
140816,"10166890",10
140816,"10166891",25
140816,"10166892",3
140816,"10166893",5
140816,"10166894",9
140816,"10166899",2
140816,"10166900",6
140816,"10166901",10
140816,"10166902",26
140816,"10166903",33
140816,"10166905",4
140816,"10166906",1
140816,"10166908",18
140816,"10166909",9
140816,"10166910",23
140816,"10166911",42
140816,"10166912",7
140816,"10166913",1
140816,"10166914",6
140816,"10166915",2
140816,"10166917",91
140816,"10166918",58
140816,"10166919",5
140816,"10166920",5
140816,"10166925",20
140816,"10166926",47
140816,"10166927",4
140816,"10166928",53
140816,"10166929",6
140816,"10166931",1
140816,"10166932",1
140816,"10166935",2
140816,"10166936",7
140816,"10166937",3
140816,"10166938",4
140816,"10166939",6
140816,"10166943",1
140816,"10166944",1
140816,"10166945",2
140816,"10166947",9
140816,"10166948",14
140816,"10166949",45
140816,"10166950",4
140816,"10175931",2
140816,"10175932",5
140816,"10175933",3
140816,"10175934",2
140816,"10175935",1
140816,"10212918",1
140816,"10212919",1
140816,"10212924",18
140816,"10212927",1
140816,"10212937",2
140816,"10212938",3
140816,"10213024",5
140816,"10213025",7
140816,"10213817",1
140816,"10216956",24
140816,"10216957",5
140816,"10216959",9
140816,"10216961",1
140816,"10217051",12
140816,"10217052",2
140816,"10217053",18
140816,"10217055",2
140816,"10217056",49
140816,"10230644",2
140816,"10230655",7
140816,"10230659",52
140816,"10230661",1
140816,"10230686",2
140816,"10230697",1
140816,"10230699",9
140816,"10249783",24
140816,"10249784",5
140816,"10249785",14
140816,"10259555",1
140816,"10259607",7
140816,"10273321",8
140816,"10273322",8
140816,"10273323",4
140816,"10273324",2
140816,"10273325",1
140816,"10273326",15
140816,"10273328",1
140816,"10273391",2
140817,"10166869",3
140817,"10166870",10
140817,"10166871",8
140817,"10166872",17
140817,"10166874",1
140817,"10166877",2
140817,"10166881",3
140817,"10166882",1
140817,"10166889",1
140817,"10166890",2
140817,"10166891",25
140817,"10166892",4
140817,"10166893",9
140817,"10166894",7
140817,"10166900",8
140817,"10166901",22
140817,"10166902",35
140817,"10166903",46
140817,"10166904",1
140817,"10166905",2
140817,"10166907",1
140817,"10166908",16
140817,"10166909",11
140817,"10166910",14
140817,"10166911",36
140817,"10166912",8
140817,"10166914",10
140817,"10166917",101
140817,"10166918",56
140817,"10166919",4
140817,"10166920",2
140817,"10166925",15
140817,"10166926",39
140817,"10166927",7
140817,"10166928",52
140817,"10166929",20
140817,"10166930",1
140817,"10166935",5
140817,"10166936",4
140817,"10166937",2
140817,"10166938",5
140817,"10166939",2
140817,"10166943",5
140817,"10166944",3
140817,"10166945",3
140817,"10166946",3
140817,"10166947",15
140817,"10166948",14
140817,"10166949",48
140817,"10166950",3
140817,"10175931",4
140817,"10175932",5
140817,"10175933",1
140817,"10175934",1
140817,"10212918",2
140817,"10212921",1
140817,"10212924",32
140817,"10212927",1
140817,"10212929",1
140817,"10212930",1
140817,"10212937",4
140817,"10212938",8
140817,"10213024",10
140817,"10213025",5
140817,"10213273",1
140817,"10216956",15
140817,"10216957",11
140817,"10216959",12
140817,"10216961",1
140817,"10217051",11
140817,"10217053",26
140817,"10217055",3
140817,"10217056",82
140817,"10230644",1
140817,"10230655",6
140817,"10230659",46
140817,"10230661",1
140817,"10230686",6
140817,"10230687",1
140817,"10230688",1
140817,"10230691",1
140817,"10230699",6
140817,"10249783",26
140817,"10249784",5
140817,"10249785",9
140817,"10259607",6
140817,"10273321",8
140817,"10273322",8
140817,"10273323",2
140817,"10273324",7
140817,"10273326",28
140817,"10273328",2
140817,"10273329",3
140818,"10166869",4
140818,"10166870",12
140818,"10166871",17
140818,"10166872",29
140818,"10166873",1
140818,"10166874",1
140818,"10166881",4
140818,"10166882",9
140818,"10166885",4
140818,"10166887",1
140818,"10166889",1
140818,"10166890",11
140818,"10166891",36
140818,"10166892",7
140818,"10166893",13
140818,"10166894",12
140818,"10166896",1
140818,"10166899",3
140818,"10166900",8
140818,"10166901",15
140818,"10166902",37
140818,"10166903",62
140818,"10166905",3
140818,"10166908",33
140818,"10166909",8
140818,"10166910",18
140818,"10166911",31
140818,"10166912",6
140818,"10166913",1
140818,"10166914",12
140818,"10166915",1
140818,"10166917",118
140818,"10166918",47
140818,"10166919",7
140818,"10166920",1
140818,"10166925",30
140818,"10166926",59
140818,"10166927",17
140818,"10166928",86
140818,"10166929",43
140818,"10166930",2
140818,"10166931",1
140818,"10166933",2
140818,"10166934",4
140818,"10166935",9
140818,"10166936",4
140818,"10166937",7
140818,"10166938",2
140818,"10166939",3
140818,"10166940",2
140818,"10166943",1
140818,"10166945",3
140818,"10166946",3
140818,"10166947",16
140818,"10166948",28
140818,"10166949",28
140818,"10166950",5
140818,"10175931",1
140818,"10175932",10
140818,"10175933",4
140818,"10175934",1
140818,"10212918",2
140818,"10212921",1
140818,"10212924",20
140818,"10212927",3
140818,"10212937",2
140818,"10212938",5
140818,"10213024",5
140818,"10213025",6
140818,"10213273",1
140818,"10213818",1
140818,"10216956",29
140818,"10216957",7
140818,"10216959",20
140818,"10216960",1
140818,"10216961",2
140818,"10217051",13
140818,"10217052",1
140818,"10217053",48
140818,"10217055",2
140818,"10217056",96
140818,"10230644",3
140818,"10230654",1
140818,"10230655",8
140818,"10230659",61
140818,"10230661",6
140818,"10230686",2
140818,"10230687",4
140818,"10230688",2
140818,"10230699",9
140818,"10249783",30
140818,"10249784",5
140818,"10249785",16
140818,"10259607",6
140818,"10273321",14
140818,"10273322",9
140818,"10273323",1
140818,"10273324",10
140818,"10273325",4
140818,"10273326",24
140818,"10273328",4
140818,"10273329",1
140819,"10166869",5
140819,"10166870",11
140819,"10166871",14
140819,"10166872",15
140819,"10166874",1
140819,"10166877",2
140819,"10166881",7
140819,"10166882",8
140819,"10166885",6
140819,"10166888",1
140819,"10166890",14
140819,"10166891",36
140819,"10166892",11
140819,"10166893",17
140819,"10166894",11
140819,"10166895",1
140819,"10166899",2
140819,"10166900",3
140819,"10166901",15
140819,"10166902",46
140819,"10166903",42
140819,"10166904",1
140819,"10166905",3
140819,"10166907",1
140819,"10166908",39
140819,"10166909",9
140819,"10166910",17
140819,"10166911",39
140819,"10166912",8
140819,"10166914",11
140819,"10166917",102
140819,"10166918",49
140819,"10166919",14
140819,"10166920",1
140819,"10166925",14
140819,"10166926",64
140819,"10166927",11
140819,"10166928",85
140819,"10166929",46
140819,"10166932",1
140819,"10166934",7
140819,"10166935",6
140819,"10166936",9
140819,"10166937",7
140819,"10166938",8
140819,"10166939",2
140819,"10166940",2
140819,"10166944",2
140819,"10166945",2
140819,"10166947",21
140819,"10166948",16
140819,"10166949",25
140819,"10166950",5
140819,"10175932",8
140819,"10175933",6
140819,"10212918",3
140819,"10212924",23
140819,"10212927",4
140819,"10212937",2
140819,"10212938",8
140819,"10213024",7
140819,"10213025",4
140819,"10213272",4
140819,"10216956",36
140819,"10216957",4
140819,"10216959",10
140819,"10216961",4
140819,"10217051",25
140819,"10217052",1
140819,"10217053",28
140819,"10217055",6
140819,"10217056",95
140819,"10217058",1
140819,"10230644",1
140819,"10230653",1
140819,"10230655",15
140819,"10230659",52
140819,"10230661",1
140819,"10230682",2
140819,"10230686",7
140819,"10230687",3
140819,"10230688",1
140819,"10230699",10
140819,"10249783",6
140819,"10249784",2
140819,"10249785",1
140819,"10259555",1
140819,"10259607",3
140819,"10273321",8
140819,"10273322",19
140819,"10273323",3
140819,"10273324",14
140819,"10273325",3
140819,"10273326",45
140819,"10273328",4
140819,"10273329",6
140819,"10273391",3
140820,"10166869",8
140820,"10166870",14
140820,"10166871",15
140820,"10166872",23
140820,"10166874",4
140820,"10166877",1
140820,"10166881",4
140820,"10166882",10
140820,"10166885",1
140820,"10166889",1
140820,"10166890",6
140820,"10166891",28
140820,"10166892",2
140820,"10166893",6
140820,"10166894",15
140820,"10166896",2
140820,"10166899",2
140820,"10166900",10
140820,"10166901",19
140820,"10166902",43
140820,"10166903",53
140820,"10166905",3
140820,"10166907",2
140820,"10166908",23
140820,"10166909",10
140820,"10166910",18
140820,"10166911",31
140820,"10166912",7
140820,"10166913",1
140820,"10166914",6
140820,"10166917",143
140820,"10166918",48
140820,"10166919",4
140820,"10166920",3
140820,"10166925",14
140820,"10166926",55
140820,"10166927",4
140820,"10166928",71
140820,"10166929",24
140820,"10166930",1
140820,"10166934",2
140820,"10166935",8
140820,"10166936",4
140820,"10166937",5
140820,"10166938",4
140820,"10166939",1
140820,"10166942",1
140820,"10166943",6
140820,"10166944",2
140820,"10166945",3
140820,"10166946",1
140820,"10166947",23
140820,"10166948",14
140820,"10166949",21
140820,"10166950",4
140820,"10175931",4
140820,"10175932",8
140820,"10175933",4
140820,"10175934",2
140820,"10175935",3
140820,"10212918",1
140820,"10212924",18
140820,"10212928",1
140820,"10212937",2
140820,"10212938",4
140820,"10213024",6
140820,"10213025",3
140820,"10213272",2
140820,"10216956",22
140820,"10216957",7
140820,"10216959",19
140820,"10216960",2
140820,"10216961",1
140820,"10217051",13
140820,"10217052",3
140820,"10217053",17
140820,"10217055",4
140820,"10217056",91
140820,"10230655",8
140820,"10230659",69
140820,"10230661",1
140820,"10230686",3
140820,"10230688",4
140820,"10230691",1
140820,"10230699",4
140820,"10259555",1
140820,"10259607",6
140820,"10273321",11
140820,"10273322",28
140820,"10273323",9
140820,"10273324",9
140820,"10273325",3
140820,"10273326",46
140820,"10273328",3
140820,"10273329",5
140820,"10273389",1
140820,"10273391",1
140820,"10273392",2
140821,"10166869",3
140821,"10166870",13
140821,"10166871",13
140821,"10166872",24
140821,"10166874",2
140821,"10166881",6
140821,"10166882",10
140821,"10166885",3
140821,"10166888",1
140821,"10166889",1
140821,"10166890",8
140821,"10166891",40
140821,"10166892",4
140821,"10166893",9
140821,"10166894",8
140821,"10166895",1
140821,"10166896",1
140821,"10166899",1
140821,"10166900",7
140821,"10166901",10
140821,"10166902",30
140821,"10166903",41
140821,"10166904",1
140821,"10166905",5
140821,"10166906",2
140821,"10166907",1
140821,"10166908",17
140821,"10166909",3
140821,"10166910",22
140821,"10166911",52
140821,"10166912",7
140821,"10166914",11
140821,"10166915",2
140821,"10166917",119
140821,"10166918",46
140821,"10166919",7
140821,"10166920",2
140821,"10166923",1
140821,"10166925",12
140821,"10166926",52
140821,"10166927",12
140821,"10166928",55
140821,"10166929",14
140821,"10166934",5
140821,"10166935",7
140821,"10166936",5
140821,"10166937",13
140821,"10166938",4
140821,"10166939",5
140821,"10166942",2
140821,"10166943",4
140821,"10166944",2
140821,"10166945",2
140821,"10166946",4
140821,"10166947",23
140821,"10166948",18
140821,"10166949",28
140821,"10166950",8
140821,"10175931",1
140821,"10175932",4
140821,"10175933",3
140821,"10175935",3
140821,"10212918",3
140821,"10212924",10
140821,"10212927",3
140821,"10212937",3
140821,"10212938",7
140821,"10213024",2
140821,"10213025",2
140821,"10216956",21
140821,"10216957",4
140821,"10216959",14
140821,"10216961",3
140821,"10217051",13
140821,"10217052",1
140821,"10217053",12
140821,"10217055",7
140821,"10217056",96
140821,"10217058",1
140821,"10230653",1
140821,"10230654",1
140821,"10230655",10
140821,"10230659",64
140821,"10230661",2
140821,"10230682",1
140821,"10230686",6
140821,"10230687",2
140821,"10230691",1
140821,"10230699",12
140821,"10259555",1
140821,"10259607",8
140821,"10273321",10
140821,"10273322",22
140821,"10273323",12
140821,"10273324",22
140821,"10273325",7
140821,"10273326",55
140821,"10273328",3
140821,"10273329",10
140821,"10273391",3
140822,"10166869",2
140822,"10166870",9
140822,"10166871",18
140822,"10166872",16
140822,"10166874",1
140822,"10166877",2
140822,"10166881",4
140822,"10166882",10
140822,"10166885",1
140822,"10166890",7
140822,"10166891",35
140822,"10166892",6
140822,"10166893",9
140822,"10166894",13
140822,"10166895",1
140822,"10166896",1
140822,"10166899",1
140822,"10166900",5
140822,"10166901",17
140822,"10166902",52
140822,"10166903",49
140822,"10166905",4
140822,"10166907",2
140822,"10166908",22
140822,"10166909",14
140822,"10166910",17
140822,"10166911",44
140822,"10166912",1
140822,"10166914",8
140822,"10166917",142
140822,"10166918",40
140822,"10166919",5
140822,"10166923",2
140822,"10166925",13
140822,"10166926",53
140822,"10166927",5
140822,"10166928",65
140822,"10166929",13
140822,"10166930",2
140822,"10166931",4
140822,"10166932",1
140822,"10166934",3
140822,"10166935",8
140822,"10166936",6
140822,"10166937",9
140822,"10166938",5
140822,"10166939",4
140822,"10166940",1
140822,"10166942",1
140822,"10166943",3
140822,"10166944",1
140822,"10166945",1
140822,"10166947",16
140822,"10166948",20
140822,"10166949",46
140822,"10166950",4
140822,"10175931",2
140822,"10175932",3
140822,"10175933",4
140822,"10175934",2
140822,"10175935",1
140822,"10212921",1
140822,"10212924",13
140822,"10212929",1
140822,"10212930",1
140822,"10212934",1
140822,"10212937",1
140822,"10212938",3
140822,"10213024",7
140822,"10213025",3
140822,"10213272",1
140822,"10216956",24
140822,"10216957",1
140822,"10216959",20
140822,"10216961",1
140822,"10217051",4
140822,"10217052",1
140822,"10217053",40
140822,"10217055",3
140822,"10217056",94
140822,"10230655",3
140822,"10230659",60
140822,"10230661",2
140822,"10230686",2
140822,"10230687",1
140822,"10230688",3
140822,"10230699",7
140822,"10259607",7
140822,"10273321",14
140822,"10273322",31
140822,"10273323",4
140822,"10273324",17
140822,"10273325",4
140822,"10273326",62
140822,"10273328",4
140822,"10273329",5
140822,"10273391",2
140823,"10166869",8
140823,"10166870",11
140823,"10166871",15
140823,"10166872",21
140823,"10166873",1
140823,"10166874",2
140823,"10166877",1
140823,"10166881",3
140823,"10166882",8
140823,"10166885",5
140823,"10166886",1
140823,"10166890",7
140823,"10166891",34
140823,"10166892",11
140823,"10166893",5
140823,"10166894",9
140823,"10166899",2
140823,"10166900",13
140823,"10166901",13
140823,"10166902",28
140823,"10166903",42
140823,"10166905",2
140823,"10166907",1
140823,"10166908",22
140823,"10166909",15
140823,"10166910",27
140823,"10166911",43
140823,"10166912",4
140823,"10166914",7
140823,"10166917",121
140823,"10166918",37
140823,"10166919",5
140823,"10166920",1
140823,"10166923",2
140823,"10166925",13
140823,"10166926",60
140823,"10166927",11
140823,"10166928",60
140823,"10166929",14
140823,"10166930",2
140823,"10166934",5
140823,"10166935",14
140823,"10166936",8
140823,"10166937",5
140823,"10166938",6
140823,"10166939",3
140823,"10166940",1
140823,"10166942",1
140823,"10166943",3
140823,"10166944",1
140823,"10166945",1
140823,"10166947",21
140823,"10166948",14
140823,"10166949",58
140823,"10175931",1
140823,"10175932",5
140823,"10175933",4
140823,"10175935",1
140823,"10175936",1
140823,"10212918",1
140823,"10212924",10
140823,"10212937",1
140823,"10212938",4
140823,"10213024",3
140823,"10213025",5
140823,"10216956",34
140823,"10216957",6
140823,"10216959",17
140823,"10216960",1
140823,"10217051",6
140823,"10217052",2
140823,"10217053",15
140823,"10217055",2
140823,"10217056",70
140823,"10230644",2
140823,"10230654",2
140823,"10230655",9
140823,"10230659",47
140823,"10230661",3
140823,"10230687",5
140823,"10230688",1
140823,"10230689",1
140823,"10230699",6
140823,"10259607",4
140823,"10273321",18
140823,"10273322",19
140823,"10273323",9
140823,"10273324",15
140823,"10273325",3
140823,"10273326",60
140823,"10273328",2
140823,"10273329",9
140823,"10273391",2
140823,"10274788",1
140824,"10166869",6
140824,"10166870",18
140824,"10166871",8
140824,"10166872",22
140824,"10166873",3
140824,"10166881",10
140824,"10166882",14
140824,"10166885",2
140824,"10166888",1
140824,"10166889",1
140824,"10166890",7
140824,"10166891",37
140824,"10166892",11
140824,"10166893",10
140824,"10166894",7
140824,"10166899",1
140824,"10166900",12
140824,"10166901",13
140824,"10166902",53
140824,"10166903",44
140824,"10166904",1
140824,"10166905",4
140824,"10166906",1
140824,"10166908",33
140824,"10166909",16
140824,"10166910",27
140824,"10166911",107
140824,"10166912",9
140824,"10166914",8
140824,"10166915",2
140824,"10166917",142
140824,"10166918",34
140824,"10166919",7
140824,"10166920",1
140824,"10166925",20
140824,"10166926",60
140824,"10166927",1
140824,"10166928",67
140824,"10166929",17
140824,"10166930",1
140824,"10166933",1
140824,"10166934",3
140824,"10166935",4
140824,"10166936",5
140824,"10166937",15
140824,"10166938",2
140824,"10166939",5
140824,"10166940",1
140824,"10166942",1
140824,"10166943",5
140824,"10166944",2
140824,"10166945",1
140824,"10166947",16
140824,"10166948",8
140824,"10166949",68
140824,"10166950",5
140824,"10175931",1
140824,"10175932",3
140824,"10175933",2
140824,"10175934",1
140824,"10175935",2
140824,"10212918",1
140824,"10212924",16
140824,"10212925",1
140824,"10212927",1
140824,"10212931",1
140824,"10212937",2
140824,"10212938",4
140824,"10213024",3
140824,"10213025",7
140824,"10213272",1
140824,"10216956",27
140824,"10216957",5
140824,"10216959",12
140824,"10216960",2
140824,"10217051",3
140824,"10217052",1
140824,"10217053",21
140824,"10217055",2
140824,"10217056",114
140824,"10230644",2
140824,"10230655",12
140824,"10230659",62
140824,"10230661",4
140824,"10230686",6
140824,"10230687",4
140824,"10230688",1
140824,"10230699",9
140824,"10259607",6
140824,"10273321",16
140824,"10273322",33
140824,"10273323",5
140824,"10273324",5
140824,"10273325",3
140824,"10273326",65
140824,"10273328",7
140824,"10273329",7
140824,"10273391",1
140825,"10166869",2
140825,"10166870",20
140825,"10166871",11
140825,"10166872",29
140825,"10166874",1
140825,"10166877",1
140825,"10166881",7
140825,"10166882",15
140825,"10166885",4
140825,"10166889",1
140825,"10166890",10
140825,"10166891",34
140825,"10166892",10
140825,"10166893",12
140825,"10166894",13
140825,"10166900",7
140825,"10166901",16
140825,"10166902",67
140825,"10166903",69
140825,"10166904",1
140825,"10166905",4
140825,"10166906",1
140825,"10166907",3
140825,"10166908",27
140825,"10166909",15
140825,"10166910",19
140825,"10166911",100
140825,"10166912",8
140825,"10166913",1
140825,"10166914",18
140825,"10166915",2
140825,"10166917",183
140825,"10166918",64
140825,"10166919",4
140825,"10166920",1
140825,"10166925",24
140825,"10166926",75
140825,"10166927",4
140825,"10166928",95
140825,"10166929",10
140825,"10166930",1
140825,"10166931",1
140825,"10166934",2
140825,"10166935",10
140825,"10166936",12
140825,"10166937",16
140825,"10166938",6
140825,"10166939",8
140825,"10166940",2
140825,"10166943",7
140825,"10166945",2
140825,"10166946",1
140825,"10166947",21
140825,"10166948",23
140825,"10166949",60
140825,"10166950",5
140825,"10175932",5
140825,"10175933",5
140825,"10175934",1
140825,"10175935",2
140825,"10175936",1
140825,"10212918",2
140825,"10212924",19
140825,"10212927",1
140825,"10212937",2
140825,"10212938",10
140825,"10213024",11
140825,"10213025",7
140825,"10213272",2
140825,"10213273",2
140825,"10216956",39
140825,"10216957",6
140825,"10216959",23
140825,"10216960",1
140825,"10216961",1
140825,"10217051",6
140825,"10217053",27
140825,"10217055",1
140825,"10217056",136
140825,"10230654",3
140825,"10230655",12
140825,"10230659",61
140825,"10230661",2
140825,"10230686",5
140825,"10230687",4
140825,"10230688",4
140825,"10230699",9
140825,"10259555",2
140825,"10259607",5
140825,"10273321",18
140825,"10273322",40
140825,"10273323",3
140825,"10273324",18
140825,"10273325",6
140825,"10273326",96
140825,"10273328",3
140825,"10273329",8
140825,"10273389",1
140825,"10274780",1
140825,"10274788",3
140826,"10166869",4
140826,"10166870",19
140826,"10166871",14
140826,"10166872",17
140826,"10166874",1
140826,"10166877",1
140826,"10166881",13
140826,"10166882",16
140826,"10166885",6
140826,"10166888",2
140826,"10166889",1
140826,"10166890",12
140826,"10166891",48
140826,"10166892",9
140826,"10166893",9
140826,"10166894",12
140826,"10166896",1
140826,"10166899",3
140826,"10166900",10
140826,"10166901",17
140826,"10166902",52
140826,"10166903",71
140826,"10166905",3
140826,"10166908",39
140826,"10166909",10
140826,"10166910",17
140826,"10166911",108
140826,"10166912",12
140826,"10166913",4
140826,"10166914",7
140826,"10166915",3
140826,"10166917",165
140826,"10166918",55
140826,"10166919",2
140826,"10166920",6
140826,"10166925",24
140826,"10166926",80
140826,"10166927",5
140826,"10166928",70
140826,"10166929",13
140826,"10166930",1
140826,"10166931",2
140826,"10166933",1
140826,"10166934",9
140826,"10166935",42
140826,"10166936",9
140826,"10166937",14
140826,"10166938",5
140826,"10166939",4
140826,"10166940",4
140826,"10166943",2
140826,"10166944",1
140826,"10166946",1
140826,"10166947",18
140826,"10166948",22
140826,"10166949",72
140826,"10166950",3
140826,"10175931",1
140826,"10175932",6
140826,"10175933",3
140826,"10175934",1
140826,"10212918",4
140826,"10212921",1
140826,"10212924",24
140826,"10212927",4
140826,"10212931",1
140826,"10212937",4
140826,"10212938",6
140826,"10212939",1
140826,"10213024",2
140826,"10213025",4
140826,"10213272",1
140826,"10216956",34
140826,"10216957",3
140826,"10216959",28
140826,"10216961",1
140826,"10217053",23
140826,"10217055",5
140826,"10217056",113
140826,"10230644",2
140826,"10230653",1
140826,"10230655",12
140826,"10230658",1
140826,"10230659",71
140826,"10230661",1
140826,"10230686",5
140826,"10230687",3
140826,"10230688",2
140826,"10230691",2
140826,"10230695",1
140826,"10230699",6
140826,"10259555",1
140826,"10259607",4
140826,"10273321",16
140826,"10273322",50
140826,"10273323",10
140826,"10273324",20
140826,"10273325",5
140826,"10273326",108
140826,"10273328",7
140826,"10273329",8
140826,"10273391",3
140826,"10274781",1
140826,"10274786",1
140826,"10274788",2
140827,"10166869",4
140827,"10166870",14
140827,"10166871",19
140827,"10166872",20
140827,"10166874",2
140827,"10166877",1
140827,"10166881",10
140827,"10166882",20
140827,"10166885",5
140827,"10166886",1
140827,"10166888",1
140827,"10166890",18
140827,"10166891",55
140827,"10166892",13
140827,"10166893",8
140827,"10166894",12
140827,"10166899",3
140827,"10166900",13
140827,"10166901",15
140827,"10166902",42
140827,"10166903",80
140827,"10166905",6
140827,"10166906",1
140827,"10166907",1
140827,"10166908",34
140827,"10166909",22
140827,"10166910",22
140827,"10166911",116
140827,"10166912",9
140827,"10166913",1
140827,"10166914",13
140827,"10166915",2
140827,"10166917",177
140827,"10166918",63
140827,"10166919",7
140827,"10166920",1
140827,"10166923",2
140827,"10166925",14
140827,"10166926",90
140827,"10166927",6
140827,"10166928",94
140827,"10166929",16
140827,"10166931",1
140827,"10166934",4
140827,"10166935",7
140827,"10166936",13
140827,"10166937",14
140827,"10166938",6
140827,"10166939",2
140827,"10166940",1
140827,"10166943",4
140827,"10166944",1
140827,"10166945",1
140827,"10166946",1
140827,"10166947",23
140827,"10166948",16
140827,"10166949",90
140827,"10166950",4
140827,"10175932",8
140827,"10175933",8
140827,"10175934",3
140827,"10175935",3
140827,"10212918",1
140827,"10212921",1
140827,"10212924",26
140827,"10212927",2
140827,"10212933",1
140827,"10212937",1
140827,"10212938",5
140827,"10212939",1
140827,"10213024",4
140827,"10213025",3
140827,"10213272",1
140827,"10213273",1
140827,"10216956",39
140827,"10216957",5
140827,"10216959",14
140827,"10216960",1
140827,"10216961",1
140827,"10217051",3
140827,"10217052",1
140827,"10217053",16
140827,"10217055",2
140827,"10217056",142
140827,"10230644",1
140827,"10230654",5
140827,"10230655",9
140827,"10230659",74
140827,"10230661",1
140827,"10230686",3
140827,"10230687",2
140827,"10230688",1
140827,"10230691",1
140827,"10230699",14
140827,"10259555",1
140827,"10259607",6
140827,"10273321",16
140827,"10273322",57
140827,"10273323",8
140827,"10273324",21
140827,"10273325",3
140827,"10273326",86
140827,"10273328",7
140827,"10273329",8
140827,"10274780",1
140827,"10274788",1
140828,"10166869",4
140828,"10166870",22
140828,"10166871",17
140828,"10166872",31
140828,"10166873",2
140828,"10166874",4
140828,"10166877",1
140828,"10166881",4
140828,"10166882",8
140828,"10166884",1
140828,"10166885",3
140828,"10166886",2
140828,"10166890",6
140828,"10166891",49
140828,"10166892",7
140828,"10166893",11
140828,"10166894",13
140828,"10166896",1
140828,"10166899",1
140828,"10166900",5
140828,"10166901",30
140828,"10166902",49
140828,"10166903",66
140828,"10166905",3
140828,"10166906",2
140828,"10166908",17
140828,"10166909",24
140828,"10166910",24
140828,"10166911",102
140828,"10166912",9
140828,"10166914",6
140828,"10166915",1
140828,"10166917",151
140828,"10166918",56
140828,"10166919",13
140828,"10166920",5
140828,"10166925",24
140828,"10166926",63
140828,"10166927",3
140828,"10166928",83
140828,"10166929",25
140828,"10166930",5
140828,"10166931",1
140828,"10166933",4
140828,"10166934",1
140828,"10166935",119
140828,"10166936",22
140828,"10166937",14
140828,"10166938",6
140828,"10166939",9
140828,"10166942",1
140828,"10166943",6
140828,"10166944",2
140828,"10166945",1
140828,"10166947",19
140828,"10166948",13
140828,"10166949",96
140828,"10166950",5
140828,"10175931",1
140828,"10175932",1
140828,"10175933",8
140828,"10175934",2
140828,"10212919",1
140828,"10212924",14
140828,"10212927",1
140828,"10212937",1
140828,"10212938",7
140828,"10213024",9
140828,"10213025",6
140828,"10213272",1
140828,"10216956",35
140828,"10216957",11
140828,"10216959",6
140828,"10216961",1
140828,"10217051",3
140828,"10217052",1
140828,"10217053",40
140828,"10217055",6
140828,"10217056",154
140828,"10217058",1
140828,"10230644",1
140828,"10230655",8
140828,"10230659",102
140828,"10230661",6
140828,"10230686",7
140828,"10230687",3
140828,"10230688",2
140828,"10230691",6
140828,"10230697",1
140828,"10230699",11
140828,"10259607",1
140828,"10273321",11
140828,"10273322",30
140828,"10273323",6
140828,"10273324",11
140828,"10273325",3
140828,"10273326",51
140828,"10273328",4
140828,"10273329",9
140828,"10273391",2
140828,"10273392",2
140828,"10274786",1
140828,"10274788",2
140829,"10166869",9
140829,"10166870",18
140829,"10166871",18
140829,"10166872",22
140829,"10166881",8
140829,"10166882",17
140829,"10166885",2
140829,"10166888",1
140829,"10166889",3
140829,"10166890",10
140829,"10166891",38
140829,"10166892",3
140829,"10166893",11
140829,"10166894",7
140829,"10166899",1
140829,"10166900",6
140829,"10166901",24
140829,"10166902",48
140829,"10166903",67
140829,"10166904",2
140829,"10166905",4
140829,"10166907",1
140829,"10166908",24
140829,"10166909",14
140829,"10166910",17
140829,"10166911",67
140829,"10166912",5
140829,"10166914",14
140829,"10166915",3
140829,"10166917",143
140829,"10166918",49
140829,"10166919",3
140829,"10166920",4
140829,"10166923",1
140829,"10166925",45
140829,"10166926",69
140829,"10166927",5
140829,"10166928",92
140829,"10166929",25
140829,"10166930",3
140829,"10166931",1
140829,"10166934",1
140829,"10166935",9
140829,"10166936",17
140829,"10166937",15
140829,"10166938",6
140829,"10166939",10
140829,"10166940",2
140829,"10166943",2
140829,"10166944",2
140829,"10166945",1
140829,"10166946",1
140829,"10166947",26
140829,"10166948",15
140829,"10166949",59
140829,"10166950",9
140829,"10175929",1
140829,"10175931",4
140829,"10175932",15
140829,"10175933",5
140829,"10175934",2
140829,"10175935",1
140829,"10212921",1
140829,"10212924",10
140829,"10212925",1
140829,"10212927",3
140829,"10212937",5
140829,"10212938",6
140829,"10213024",8
140829,"10213025",8
140829,"10213273",1
140829,"10216956",35
140829,"10216957",3
140829,"10216959",7
140829,"10216960",1
140829,"10216961",1
140829,"10217051",4
140829,"10217052",1
140829,"10217053",16
140829,"10217055",7
140829,"10217056",95
140829,"10230644",2
140829,"10230654",2
140829,"10230655",7
140829,"10230658",1
140829,"10230659",83
140829,"10230661",1
140829,"10230686",4
140829,"10230687",3
140829,"10230688",2
140829,"10230691",3
140829,"10230699",12
140829,"10259607",1
140829,"10273321",12
140829,"10273322",11
140829,"10273323",4
140829,"10273324",4
140829,"10273325",1
140829,"10273326",31
140829,"10273328",7
140829,"10273329",5
140829,"10273391",1
140830,"10166869",5
140830,"10166870",15
140830,"10166871",16
140830,"10166872",18
140830,"10166874",1
140830,"10166881",14
140830,"10166882",14
140830,"10166885",1
140830,"10166890",8
140830,"10166891",21
140830,"10166892",12
140830,"10166893",9
140830,"10166894",6
140830,"10166896",1
140830,"10166899",1
140830,"10166900",5
140830,"10166901",17
140830,"10166902",36
140830,"10166903",44
140830,"10166905",5
140830,"10166907",1
140830,"10166908",17
140830,"10166909",13
140830,"10166910",21
140830,"10166911",90
140830,"10166912",12
140830,"10166914",8
140830,"10166915",3
140830,"10166917",134
140830,"10166918",39
140830,"10166919",6
140830,"10166925",50
140830,"10166926",44
140830,"10166927",10
140830,"10166928",59
140830,"10166929",17
140830,"10166930",1
140830,"10166931",1
140830,"10166934",2
140830,"10166935",11
140830,"10166936",7
140830,"10166937",12
140830,"10166938",7
140830,"10166939",9
140830,"10166940",2
140830,"10166942",1
140830,"10166943",2
140830,"10166945",1
140830,"10166947",13
140830,"10166948",12
140830,"10166949",70
140830,"10166950",9
140830,"10175931",2
140830,"10175932",6
140830,"10175933",3
140830,"10175934",2
140830,"10175935",2
140830,"10212924",9
140830,"10212927",1
140830,"10212930",2
140830,"10212937",3
140830,"10212938",4
140830,"10213024",9
140830,"10213025",1
140830,"10216956",31
140830,"10216957",6
140830,"10216959",8
140830,"10217051",3
140830,"10217053",10
140830,"10217055",3
140830,"10217056",83
140830,"10230647",1
140830,"10230654",1
140830,"10230655",3
140830,"10230659",75
140830,"10230661",5
140830,"10230686",5
140830,"10230691",1
140830,"10230699",10
140830,"10259607",4
140830,"10273321",3
140830,"10273322",6
140830,"10273323",4
140830,"10273324",1
140830,"10273325",1
140830,"10273326",27
140830,"10273328",3
140830,"10273329",2
140830,"10274779",1
140830,"10274780",1
140831,"10166869",5
140831,"10166870",28
140831,"10166871",11
140831,"10166872",26
140831,"10166874",2
140831,"10166877",1
140831,"10166881",5
140831,"10166882",6
140831,"10166885",2
140831,"10166889",2
140831,"10166890",6
140831,"10166891",41
140831,"10166892",8
140831,"10166893",9
140831,"10166894",9
140831,"10166896",2
140831,"10166899",1
140831,"10166900",7
140831,"10166901",19
140831,"10166902",52
140831,"10166903",48
140831,"10166904",1
140831,"10166905",2
140831,"10166907",1
140831,"10166908",22
140831,"10166909",18
140831,"10166910",26
140831,"10166911",84
140831,"10166912",5
140831,"10166913",1
140831,"10166914",7
140831,"10166917",138
140831,"10166918",51
140831,"10166919",8
140831,"10166920",2
140831,"10166925",30
140831,"10166926",48
140831,"10166927",9
140831,"10166928",74
140831,"10166929",25
140831,"10166934",1
140831,"10166935",4
140831,"10166936",3
140831,"10166937",9
140831,"10166938",4
140831,"10166939",6
140831,"10166942",1
140831,"10166944",4
140831,"10166945",1
140831,"10166947",18
140831,"10166948",6
140831,"10166949",53
140831,"10166950",4
140831,"10175931",2
140831,"10175932",5
140831,"10175933",5
140831,"10175934",2
140831,"10175935",4
140831,"10212921",1
140831,"10212924",13
140831,"10212927",2
140831,"10212928",1
140831,"10212937",1
140831,"10212938",8
140831,"10213024",5
140831,"10213025",4
140831,"10213272",2
140831,"10216956",36
140831,"10216957",4
140831,"10216959",10
140831,"10216960",1
140831,"10217051",4
140831,"10217053",27
140831,"10217055",5
140831,"10217056",95
140831,"10230647",1
140831,"10230655",13
140831,"10230659",144
140831,"10230661",2
140831,"10230686",4
140831,"10230687",1
140831,"10230688",1
140831,"10230697",1
140831,"10230699",18
140831,"10259607",7
140831,"10273321",4
140831,"10273322",9
140831,"10273323",3
140831,"10273324",1
140831,"10273326",16
140831,"10273328",3
140831,"10273329",6
140831,"10273391",1
140831,"10274788",1
