140801,"10166869","0",2
140801,"10166870","0",5
140801,"10166871","0",15
140801,"10166872","0",25
140801,"10166874","0",2
140801,"10166877","0",7
140801,"10166881","0",12
140801,"10166882","0",11
140801,"10166886","0",1
140801,"10166888","0",2
140801,"10166890","0",28
140801,"10166891","0",36
140801,"10166892","0",17
140801,"10166894","0",25
140801,"10166896","0",1
140801,"10166897","0",7
140801,"10166898","0",1
140801,"10166899","0",7
140801,"10166900","0",4
140801,"10166901","0",13
140801,"10166903","0",19
140801,"10166905","0",1
140801,"10166908","0",19
140801,"10166911","0",26
140801,"10166912","0",5
140801,"10166913","0",3
140801,"10166914","0",7
140801,"10166915","0",2
140801,"10166918","0",66
140801,"10166919","0",4
140801,"10166920","0",5
140801,"10166921","0",17
140801,"10166922","0",13
140801,"10166923","0",2
140801,"10166925","0",30
140801,"10166927","0",12
140801,"10166928","0",95
140801,"10166929","0",39
140801,"10166930","0",1
140801,"10166931","0",1
140801,"10166933","0",1
140801,"10166935","0",15
140801,"10166936","0",13
140801,"10166937","0",16
140801,"10166938","0",8
140801,"10166939","0",4
140801,"10166940","0",2
140801,"10166942","0",6
140801,"10166943","0",5
140801,"10166944","0",2
140801,"10166945","0",3
140801,"10166946","0",1
140801,"10166947","0",19
140801,"10166948","0",11
140801,"10166949","0",16
140801,"10166950","0",8
140801,"10175930","0",1
140801,"10175932","0",5
140801,"10175933","0",5
140801,"10175934","0",4
140801,"10212918","0",1
140801,"10212921","0",1
140801,"10212924","0",11
140801,"10212927","0",1
140801,"10212938","0",2
140801,"10213024","0",2
140801,"10213272","0",1
140801,"10213811","0",7
140801,"10213812","0",4
140801,"10213813","0",4
140801,"10213814","0",4
140801,"10213817","0",1
140801,"10216955","0",3
140801,"10216956","0",38
140801,"10216957","0",11
140801,"10216959","0",27
140801,"10216961","0",2
140801,"10217051","0",11
140801,"10217053","0",19
140801,"10217054","0",3
140801,"10217055","0",8
140801,"10217056","0",190
140801,"10217057","0",1
140801,"10217058","0",6
140801,"10230653","0",1
140801,"10230655","0",6
140801,"10230659","0",36
140801,"10230661","0",1
140801,"10230686","0",5
140801,"10230687","0",4
140801,"10230688","0",2
140801,"10230699","0",6
140801,"10249783","0",30
140801,"10249784","0",12
140801,"10249785","0",47
140801,"10259607","0",1
140802,"10166869","0",2
140802,"10166870","0",9
140802,"10166871","0",10
140802,"10166872","0",32
140802,"10166873","0",1
140802,"10166881","0",8
140802,"10166882","0",11
140802,"10166885","0",3
140802,"10166888","0",1
140802,"10166889","0",5
140802,"10166890","0",4
140802,"10166891","0",29
140802,"10166892","0",3
140802,"10166894","0",8
140802,"10166897","0",6
140802,"10166898","0",6
140802,"10166900","0",2
140802,"10166901","0",11
140802,"10166903","0",35
140802,"10166904","0",1
140802,"10166905","0",2
140802,"10166907","0",2
140802,"10166908","0",19
140802,"10166911","0",20
140802,"10166912","0",4
140802,"10166913","0",2
140802,"10166914","0",7
140802,"10166918","0",45
140802,"10166919","0",4
140802,"10166920","0",1
140802,"10166921","0",23
140802,"10166922","0",12
140802,"10166923","0",2
140802,"10166925","0",18
140802,"10166927","0",4
140802,"10166928","0",71
140802,"10166929","0",6
140802,"10166930","0",2
140802,"10166931","0",5
140802,"10166934","0",2
140802,"10166935","0",9
140802,"10166936","0",6
140802,"10166937","0",13
140802,"10166938","0",2
140802,"10166939","0",1
140802,"10166940","0",2
140802,"10166943","0",6
140802,"10166944","0",2
140802,"10166947","0",33
140802,"10166948","0",9
140802,"10166949","0",40
140802,"10166950","0",2
140802,"10175929","0",1
140802,"10175931","0",1
140802,"10175932","0",9
140802,"10175933","0",2
140802,"10175934","0",1
140802,"10175935","0",3
140802,"10212918","0",1
140802,"10212924","0",12
140802,"10212927","0",1
140802,"10212937","0",1
140802,"10212938","0",5
140802,"10213024","0",2
140802,"10213025","0",3
140802,"10213273","0",1
140802,"10213811","0",5
140802,"10213812","0",4
140802,"10213813","0",1
140802,"10213814","0",4
140802,"10213817","0",1
140802,"10216956","0",30
140802,"10216957","0",5
140802,"10216959","0",20
140802,"10216961","0",1
140802,"10217051","0",11
140802,"10217053","0",12
140802,"10217054","0",1
140802,"10217055","0",2
140802,"10217056","0",47
140802,"10217058","0",1
140802,"10230654","0",1
140802,"10230655","0",5
140802,"10230659","0",46
140802,"10230661","0",2
140802,"10230686","0",2
140802,"10230699","0",12
140802,"10249783","0",20
140802,"10249784","0",5
140802,"10249785","0",34
140802,"10259555","0",1
140802,"10259607","0",5
140803,"10166869","0",3
140803,"10166870","0",11
140803,"10166871","0",3
140803,"10166872","0",25
140803,"10166877","0",1
140803,"10166881","0",8
140803,"10166882","0",8
140803,"10166887","0",1
140803,"10166888","0",2
140803,"10166890","0",5
140803,"10166891","0",33
140803,"10166892","0",5
140803,"10166894","0",7
140803,"10166896","0",1
140803,"10166897","0",8
140803,"10166898","0",4
140803,"10166900","0",5
140803,"10166901","0",10
140803,"10166903","0",34
140803,"10166905","0",3
140803,"10166908","0",21
140803,"10166911","0",24
140803,"10166912","0",5
140803,"10166914","0",3
140803,"10166915","0",1
140803,"10166918","0",46
140803,"10166919","0",4
140803,"10166921","0",17
140803,"10166922","0",14
140803,"10166925","0",16
140803,"10166927","0",6
140803,"10166928","0",56
140803,"10166929","0",15
140803,"10166930","0",3
140803,"10166935","0",8
140803,"10166936","0",4
140803,"10166937","0",7
140803,"10166938","0",2
140803,"10166939","0",3
140803,"10166940","0",1
140803,"10166943","0",2
140803,"10166945","0",1
140803,"10166947","0",19
140803,"10166948","0",13
140803,"10166949","0",34
140803,"10166950","0",6
140803,"10175931","0",1
140803,"10175932","0",13
140803,"10175933","0",7
140803,"10175934","0",1
140803,"10212918","0",2
140803,"10212924","0",28
140803,"10212927","0",2
140803,"10212938","0",5
140803,"10213024","0",1
140803,"10213025","0",2
140803,"10213811","0",9
140803,"10213812","0",6
140803,"10213813","0",3
140803,"10213814","0",4
140803,"10216956","0",25
140803,"10216957","0",4
140803,"10216959","0",20
140803,"10216961","0",2
140803,"10217051","0",10
140803,"10217053","0",18
140803,"10217055","0",3
140803,"10217056","0",60
140803,"10230655","0",1
140803,"10230659","0",35
140803,"10230661","0",1
140803,"10230686","0",3
140803,"10230687","0",1
140803,"10230691","0",1
140803,"10230697","0",1
140803,"10230699","0",2
140803,"10249783","0",25
140803,"10249784","0",7
140803,"10249785","0",29
140803,"10259607","0",3
140804,"10166869","0",4
140804,"10166870","0",10
140804,"10166871","0",8
140804,"10166872","0",28
140804,"10166873","0",1
140804,"10166874","0",6
140804,"10166881","0",12
140804,"10166882","0",11
140804,"10166885","0",3
140804,"10166889","0",2
140804,"10166890","0",12
140804,"10166891","0",39
140804,"10166892","0",8
140804,"10166894","0",10
140804,"10166897","0",6
140804,"10166898","0",2
140804,"10166899","0",1
140804,"10166900","0",5
140804,"10166901","0",24
140804,"10166903","0",42
140804,"10166905","0",6
140804,"10166906","0",1
140804,"10166908","0",25
140804,"10166911","0",31
140804,"10166912","0",10
140804,"10166914","0",10
140804,"10166918","0",169
140804,"10166919","0",6
140804,"10166921","0",35
140804,"10166922","0",19
140804,"10166923","0",1
140804,"10166925","0",27
140804,"10166927","0",12
140804,"10166928","0",116
140804,"10166929","0",16
140804,"10166930","0",2
140804,"10166931","0",1
140804,"10166934","0",15
140804,"10166935","0",21
140804,"10166936","0",15
140804,"10166937","0",9
140804,"10166938","0",13
140804,"10166939","0",4
140804,"10166940","0",1
140804,"10166943","0",4
140804,"10166944","0",4
140804,"10166945","0",4
140804,"10166946","0",1
140804,"10166947","0",30
140804,"10166948","0",23
140804,"10166949","0",45
140804,"10166950","0",4
140804,"10175931","0",1
140804,"10175932","0",12
140804,"10175933","0",8
140804,"10212918","0",1
140804,"10212921","0",2
140804,"10212924","0",19
140804,"10212930","0",1
140804,"10212937","0",1
140804,"10212938","0",6
140804,"10213024","0",3
140804,"10213025","0",4
140804,"10213272","0",2
140804,"10213273","0",1
140804,"10213811","0",6
140804,"10213812","0",2
140804,"10213813","0",1
140804,"10213814","0",3
140804,"10213816","0",1
140804,"10213817","0",2
140804,"10216956","0",29
140804,"10216957","0",8
140804,"10216959","0",19
140804,"10216961","0",1
140804,"10217051","0",3
140804,"10217052","0",1
140804,"10217053","0",68
140804,"10217055","0",4
140804,"10217056","0",115
140804,"10217057","0",2
140804,"10230644","0",2
140804,"10230653","0",1
140804,"10230654","0",1
140804,"10230655","0",13
140804,"10230659","0",56
140804,"10230661","0",2
140804,"10230682","0",1
140804,"10230686","0",2
140804,"10230687","0",2
140804,"10230699","0",7
140804,"10249783","0",34
140804,"10249784","0",4
140804,"10249785","0",30
140804,"10259555","0",1
140804,"10259607","0",7
140805,"10166869","0",1
140805,"10166870","0",8
140805,"10166871","0",18
140805,"10166872","0",23
140805,"10166873","0",1
140805,"10166874","0",1
140805,"10166881","0",10
140805,"10166882","0",16
140805,"10166885","0",5
140805,"10166888","0",3
140805,"10166889","0",1
140805,"10166890","0",8
140805,"10166891","0",32
140805,"10166892","0",5
140805,"10166893","0",2
140805,"10166894","0",7
140805,"10166898","0",2
140805,"10166899","0",2
140805,"10166900","0",4
140805,"10166901","0",8
140805,"10166902","0",10
140805,"10166903","0",44
140805,"10166904","0",1
140805,"10166905","0",4
140805,"10166908","0",19
140805,"10166909","0",7
140805,"10166910","0",1
140805,"10166911","0",19
140805,"10166912","0",5
140805,"10166913","0",2
140805,"10166914","0",9
140805,"10166918","0",45
140805,"10166919","0",6
140805,"10166920","0",1
140805,"10166921","0",7
140805,"10166922","0",1
140805,"10166925","0",11
140805,"10166926","0",24
140805,"10166927","0",7
140805,"10166928","0",76
140805,"10166929","0",23
140805,"10166934","0",10
140805,"10166935","0",40
140805,"10166936","0",4
140805,"10166937","0",8
140805,"10166938","0",4
140805,"10166939","0",1
140805,"10166940","0",1
140805,"10166943","0",2
140805,"10166944","0",1
140805,"10166945","0",6
140805,"10166946","0",1
140805,"10166947","0",31
140805,"10166948","0",20
140805,"10166949","0",32
140805,"10166950","0",2
140805,"10175932","0",8
140805,"10175933","0",6
140805,"10175934","0",2
140805,"10212924","0",20
140805,"10212927","0",4
140805,"10212930","0",3
140805,"10212937","0",1
140805,"10212938","0",3
140805,"10213024","0",4
140805,"10213025","0",4
140805,"10213272","0",2
140805,"10213811","0",9
140805,"10213812","0",4
140805,"10213814","0",1
140805,"10216956","0",26
140805,"10216957","0",6
140805,"10216959","0",20
140805,"10216960","0",3
140805,"10216961","0",2
140805,"10217051","0",12
140805,"10217053","0",16
140805,"10217055","0",2
140805,"10217056","0",69
140805,"10230644","0",1
140805,"10230654","0",1
140805,"10230655","0",6
140805,"10230659","0",59
140805,"10230661","0",2
140805,"10230686","0",3
140805,"10230687","0",3
140805,"10230688","0",1
140805,"10230691","0",1
140805,"10230699","0",12
140805,"10249783","0",33
140805,"10249784","0",12
140805,"10249785","0",34
140805,"10259607","0",1
140806,"10166869","0",1
140806,"10166870","0",7
140806,"10166871","0",7
140806,"10166872","0",24
140806,"10166877","0",3
140806,"10166881","0",13
140806,"10166882","0",21
140806,"10166885","0",1
140806,"10166887","0",1
140806,"10166888","0",1
140806,"10166889","0",1
140806,"10166890","0",8
140806,"10166891","0",25
140806,"10166892","0",8
140806,"10166893","0",16
140806,"10166894","0",9
140806,"10166899","0",2
140806,"10166900","0",3
140806,"10166901","0",12
140806,"10166902","0",42
140806,"10166903","0",41
140806,"10166905","0",8
140806,"10166908","0",19
140806,"10166909","0",12
140806,"10166910","0",16
140806,"10166911","0",22
140806,"10166912","0",9
140806,"10166914","0",4
140806,"10166915","0",1
140806,"10166917","0",94
140806,"10166918","0",32
140806,"10166919","0",9
140806,"10166925","0",23
140806,"10166926","0",78
140806,"10166927","0",8
140806,"10166928","0",64
140806,"10166929","0",25
140806,"10166930","0",1
140806,"10166933","0",1
140806,"10166934","0",6
140806,"10166935","0",11
140806,"10166936","0",9
140806,"10166937","0",12
140806,"10166938","0",8
140806,"10166939","0",2
140806,"10166940","0",1
140806,"10166942","0",1
140806,"10166943","0",1
140806,"10166944","0",3
140806,"10166945","0",2
140806,"10166946","0",1
140806,"10166947","0",24
140806,"10166948","0",14
140806,"10166949","0",14
140806,"10175932","0",6
140806,"10175933","0",7
140806,"10175935","0",4
140806,"10175936","0",1
140806,"10212918","0",3
140806,"10212924","0",15
140806,"10212927","0",1
140806,"10212938","0",3
140806,"10213024","0",9
140806,"10213025","0",1
140806,"10213273","0",1
140806,"10213811","0",8
140806,"10213812","0",1
140806,"10213813","0",3
140806,"10213814","0",3
140806,"10213815","0",1
140806,"10216956","0",19
140806,"10216957","0",5
140806,"10216959","0",25
140806,"10217051","0",7
140806,"10217052","0",1
140806,"10217053","0",18
140806,"10217055","0",5
140806,"10217056","0",61
140806,"10230654","0",1
140806,"10230655","0",6
140806,"10230659","0",59
140806,"10230661","0",2
140806,"10230682","0",2
140806,"10230686","0",1
140806,"10230687","0",3
140806,"10230688","0",1
140806,"10230691","0",1
140806,"10230699","0",17
140806,"10249783","0",28
140806,"10249784","0",3
140806,"10249785","0",33
140806,"10259607","0",7
140807,"10166869","0",2
140807,"10166870","0",5
140807,"10166871","0",12
140807,"10166872","0",29
140807,"10166881","0",11
140807,"10166882","0",19
140807,"10166885","0",5
140807,"10166889","0",1
140807,"10166890","0",7
140807,"10166891","0",25
140807,"10166892","0",9
140807,"10166893","0",8
140807,"10166894","0",9
140807,"10166896","0",2
140807,"10166899","0",1
140807,"10166900","0",6
140807,"10166901","0",12
140807,"10166902","0",31
140807,"10166903","0",41
140807,"10166904","0",1
140807,"10166905","0",4
140807,"10166907","0",1
140807,"10166908","0",15
140807,"10166909","0",7
140807,"10166910","0",14
140807,"10166911","0",25
140807,"10166912","0",8
140807,"10166914","0",4
140807,"10166915","0",2
140807,"10166917","0",118
140807,"10166918","0",55
140807,"10166919","0",10
140807,"10166920","0",3
140807,"10166923","0",1
140807,"10166925","0",11
140807,"10166926","0",49
140807,"10166927","0",10
140807,"10166928","0",68
140807,"10166929","0",35
140807,"10166930","0",1
140807,"10166933","0",1
140807,"10166934","0",6
140807,"10166935","0",5
140807,"10166936","0",12
140807,"10166937","0",9
140807,"10166938","0",8
140807,"10166939","0",2
140807,"10166943","0",8
140807,"10166945","0",1
140807,"10166947","0",39
140807,"10166948","0",15
140807,"10166949","0",17
140807,"10166950","0",2
140807,"10175931","0",1
140807,"10175932","0",7
140807,"10175933","0",1
140807,"10175935","0",2
140807,"10212917","0",1
140807,"10212918","0",3
140807,"10212924","0",8
140807,"10212937","0",1
140807,"10212938","0",5
140807,"10213024","0",3
140807,"10213025","0",1
140807,"10213272","0",1
140807,"10213273","0",1
140807,"10213811","0",7
140807,"10213812","0",3
140807,"10213813","0",1
140807,"10213814","0",6
140807,"10216956","0",19
140807,"10216957","0",9
140807,"10216959","0",10
140807,"10216961","0",1
140807,"10217051","0",3
140807,"10217053","0",15
140807,"10217055","0",4
140807,"10217056","0",78
140807,"10230644","0",2
140807,"10230655","0",6
140807,"10230659","0",54
140807,"10230661","0",1
140807,"10230686","0",3
140807,"10230687","0",2
140807,"10230699","0",4
140807,"10249783","0",27
140807,"10249784","0",6
140807,"10249785","0",27
140807,"10259607","0",6
140808,"10166869","0",2
140808,"10166870","0",6
140808,"10166871","0",9
140808,"10166872","0",33
140808,"10166874","0",1
140808,"10166881","0",8
140808,"10166882","0",8
140808,"10166887","0",1
140808,"10166890","0",5
140808,"10166891","0",37
140808,"10166892","0",5
140808,"10166893","0",11
140808,"10166894","0",5
140808,"10166899","0",1
140808,"10166900","0",5
140808,"10166901","0",9
140808,"10166902","0",24
140808,"10166903","0",43
140808,"10166904","0",1
140808,"10166905","0",1
140808,"10166906","0",1
140808,"10166908","0",10
140808,"10166909","0",6
140808,"10166910","0",10
140808,"10166911","0",26
140808,"10166912","0",11
140808,"10166914","0",7
140808,"10166917","0",111
140808,"10166918","0",49
140808,"10166919","0",7
140808,"10166920","0",3
140808,"10166925","0",17
140808,"10166926","0",34
140808,"10166927","0",8
140808,"10166928","0",72
140808,"10166929","0",10
140808,"10166931","0",1
140808,"10166934","0",1
140808,"10166935","0",6
140808,"10166936","0",8
140808,"10166937","0",8
140808,"10166938","0",8
140808,"10166939","0",2
140808,"10166940","0",1
140808,"10166942","0",1
140808,"10166943","0",5
140808,"10166945","0",1
140808,"10166946","0",1
140808,"10166947","0",27
140808,"10166948","0",7
140808,"10166949","0",18
140808,"10166950","0",2
140808,"10175931","0",1
140808,"10175932","0",5
140808,"10175933","0",5
140808,"10175934","0",1
140808,"10175935","0",2
140808,"10212918","0",3
140808,"10212924","0",12
140808,"10212927","0",2
140808,"10212937","0",4
140808,"10212938","0",2
140808,"10213024","0",4
140808,"10213811","0",5
140808,"10213812","0",4
140808,"10213813","0",2
140808,"10213814","0",3
140808,"10213817","0",1
140808,"10216956","0",16
140808,"10216957","0",2
140808,"10216959","0",12
140808,"10216960","0",1
140808,"10217051","0",6
140808,"10217053","0",10
140808,"10217055","0",2
140808,"10217056","0",75
140808,"10230653","0",1
140808,"10230655","0",4
140808,"10230659","0",56
140808,"10230686","0",2
140808,"10230687","0",1
140808,"10230688","0",3
140808,"10230691","0",1
140808,"10230695","0",1
140808,"10230699","0",4
140808,"10249783","0",28
140808,"10249784","0",5
140808,"10249785","0",35
140808,"10259607","0",2
140809,"10166869","0",2
140809,"10166870","0",6
140809,"10166871","0",6
140809,"10166872","0",28
140809,"10166874","0",2
140809,"10166877","0",1
140809,"10166881","0",6
140809,"10166882","0",5
140809,"10166885","0",1
140809,"10166887","0",1
140809,"10166889","0",1
140809,"10166890","0",3
140809,"10166891","0",29
140809,"10166892","0",4
140809,"10166893","0",7
140809,"10166894","0",10
140809,"10166899","0",1
140809,"10166900","0",2
140809,"10166901","0",16
140809,"10166902","0",25
140809,"10166903","0",46
140809,"10166905","0",2
140809,"10166908","0",14
140809,"10166909","0",10
140809,"10166910","0",30
140809,"10166911","0",34
140809,"10166912","0",11
140809,"10166914","0",6
140809,"10166915","0",7
140809,"10166917","0",140
140809,"10166918","0",39
140809,"10166919","0",6
140809,"10166920","0",2
140809,"10166925","0",18
140809,"10166926","0",45
140809,"10166927","0",5
140809,"10166928","0",49
140809,"10166929","0",11
140809,"10166930","0",2
140809,"10166931","0",1
140809,"10166932","0",1
140809,"10166934","0",3
140809,"10166935","0",6
140809,"10166936","0",7
140809,"10166937","0",2
140809,"10166939","0",3
140809,"10166943","0",2
140809,"10166947","0",27
140809,"10166948","0",18
140809,"10166949","0",33
140809,"10166950","0",5
140809,"10175932","0",8
140809,"10175933","0",3
140809,"10175934","0",1
140809,"10175935","0",2
140809,"10212918","0",1
140809,"10212921","0",1
140809,"10212924","0",20
140809,"10212927","0",1
140809,"10212937","0",1
140809,"10212938","0",3
140809,"10213024","0",3
140809,"10213025","0",1
140809,"10213272","0",1
140809,"10213811","0",6
140809,"10213812","0",1
140809,"10213813","0",1
140809,"10213814","0",4
140809,"10216956","0",18
140809,"10216957","0",3
140809,"10216959","0",17
140809,"10216960","0",1
140809,"10217051","0",14
140809,"10217053","0",19
140809,"10217055","0",2
140809,"10217056","0",83
140809,"10230645","0",1
140809,"10230655","0",7
140809,"10230659","0",64
140809,"10230661","0",1
140809,"10230687","0",2
140809,"10230688","0",3
140809,"10230691","0",1
140809,"10230699","0",6
140809,"10249783","0",28
140809,"10249784","0",5
140809,"10249785","0",23
140809,"10259607","0",3
140810,"10166869","0",2
140810,"10166870","0",9
140810,"10166871","0",3
140810,"10166872","0",26
140810,"10166881","0",1
140810,"10166882","0",2
140810,"10166889","0",1
140810,"10166890","0",4
140810,"10166891","0",27
140810,"10166892","0",6
140810,"10166893","0",6
140810,"10166894","0",5
140810,"10166900","0",6
140810,"10166901","0",15
140810,"10166902","0",27
140810,"10166903","0",49
140810,"10166904","0",1
140810,"10166905","0",2
140810,"10166906","0",1
140810,"10166907","0",1
140810,"10166908","0",27
140810,"10166909","0",15
140810,"10166910","0",21
140810,"10166911","0",39
140810,"10166912","0",8
140810,"10166914","0",2
140810,"10166917","0",151
140810,"10166918","0",53
140810,"10166919","0",6
140810,"10166920","0",2
140810,"10166925","0",13
140810,"10166926","0",58
140810,"10166927","0",10
140810,"10166928","0",62
140810,"10166929","0",22
140810,"10166930","0",2
140810,"10166934","0",2
140810,"10166935","0",7
140810,"10166936","0",4
140810,"10166937","0",3
140810,"10166938","0",5
140810,"10166939","0",5
140810,"10166943","0",3
140810,"10166944","0",1
140810,"10166945","0",1
140810,"10166946","0",1
140810,"10166947","0",34
140810,"10166948","0",12
140810,"10166949","0",52
140810,"10166950","0",4
140810,"10175931","0",1
140810,"10175932","0",7
140810,"10175933","0",2
140810,"10175934","0",2
140810,"10175935","0",1
140810,"10212918","0",3
140810,"10212924","0",16
140810,"10212937","0",2
140810,"10213024","0",3
140810,"10213025","0",7
140810,"10213811","0",3
140810,"10213812","0",6
140810,"10213813","0",2
140810,"10213814","0",2
140810,"10216956","0",36
140810,"10216957","0",3
140810,"10216959","0",7
140810,"10216960","0",2
140810,"10216961","0",2
140810,"10217051","0",20
140810,"10217053","0",31
140810,"10217055","0",2
140810,"10217056","0",87
140810,"10230647","0",1
140810,"10230655","0",7
140810,"10230659","0",68
140810,"10230661","0",1
140810,"10230682","0",1
140810,"10230686","0",2
140810,"10230687","0",2
140810,"10230699","0",10
140810,"10249783","0",33
140810,"10249784","0",4
140810,"10249785","0",24
140810,"10259607","0",6
140811,"10166869","0",3
140811,"10166870","0",9
140811,"10166871","0",10
140811,"10166872","0",29
140811,"10166873","0",1
140811,"10166874","0",2
140811,"10166877","0",1
140811,"10166881","0",3
140811,"10166882","0",1
140811,"10166884","0",1
140811,"10166886","0",1
140811,"10166890","0",7
140811,"10166891","0",31
140811,"10166892","0",2
140811,"10166893","0",12
140811,"10166894","0",6
140811,"10166899","0",2
140811,"10166900","0",9
140811,"10166901","0",15
140811,"10166902","0",29
140811,"10166903","0",46
140811,"10166904","0",1
140811,"10166905","0",3
140811,"10166908","0",22
140811,"10166909","0",9
140811,"10166910","0",8
140811,"10166911","0",19
140811,"10166912","0",8
140811,"10166913","0",1
140811,"10166914","0",4
140811,"10166915","0",3
140811,"10166917","0",96
140811,"10166918","0",32
140811,"10166919","0",5
140811,"10166920","0",2
140811,"10166925","0",9
140811,"10166926","0",50
140811,"10166927","0",12
140811,"10166928","0",63
140811,"10166929","0",36
140811,"10166930","0",1
140811,"10166934","0",1
140811,"10166935","0",6
140811,"10166936","0",9
140811,"10166937","0",9
140811,"10166938","0",3
140811,"10166940","0",3
140811,"10166943","0",4
140811,"10166945","0",1
140811,"10166947","0",32
140811,"10166948","0",23
140811,"10166949","0",22
140811,"10166950","0",2
140811,"10175931","0",4
140811,"10175932","0",3
140811,"10175933","0",7
140811,"10175934","0",3
140811,"10212918","0",2
140811,"10212924","0",15
140811,"10212931","0",1
140811,"10212937","0",3
140811,"10212938","0",3
140811,"10213024","0",4
140811,"10213025","0",2
140811,"10213272","0",1
140811,"10213273","0",1
140811,"10213811","0",4
140811,"10213812","0",5
140811,"10213813","0",3
140811,"10213814","0",7
140811,"10213817","0",1
140811,"10216956","0",14
140811,"10216957","0",6
140811,"10216959","0",11
140811,"10217051","0",9
140811,"10217053","0",28
140811,"10217055","0",3
140811,"10217056","0",79
140811,"10230653","0",1
140811,"10230655","0",9
140811,"10230659","0",51
140811,"10230661","0",2
140811,"10230682","0",1
140811,"10230686","0",1
140811,"10230687","0",3
140811,"10230688","0",2
140811,"10230699","0",10
140811,"10249783","0",27
140811,"10249784","0",3
140811,"10249785","0",28
140811,"10259607","0",2
140812,"10166869","0",2
140812,"10166870","0",8
140812,"10166871","0",8
140812,"10166872","0",26
140812,"10166873","0",1
140812,"10166874","0",3
140812,"10166877","0",1
140812,"10166881","0",6
140812,"10166882","0",5
140812,"10166889","0",2
140812,"10166890","0",4
140812,"10166891","0",37
140812,"10166892","0",3
140812,"10166893","0",10
140812,"10166894","0",7
140812,"10166899","0",1
140812,"10166900","0",4
140812,"10166901","0",13
140812,"10166902","0",27
140812,"10166903","0",40
140812,"10166904","0",1
140812,"10166905","0",3
140812,"10166906","0",1
140812,"10166908","0",20
140812,"10166909","0",4
140812,"10166910","0",15
140812,"10166911","0",21
140812,"10166912","0",10
140812,"10166913","0",1
140812,"10166914","0",7
140812,"10166915","0",1
140812,"10166917","0",90
140812,"10166918","0",41
140812,"10166919","0",4
140812,"10166920","0",3
140812,"10166925","0",12
140812,"10166926","0",35
140812,"10166927","0",3
140812,"10166928","0",53
140812,"10166929","0",26
140812,"10166931","0",1
140812,"10166932","0",1
140812,"10166935","0",6
140812,"10166936","0",3
140812,"10166937","0",5
140812,"10166938","0",5
140812,"10166939","0",1
140812,"10166940","0",3
140812,"10166943","0",3
140812,"10166945","0",4
140812,"10166947","0",32
140812,"10166948","0",20
140812,"10166949","0",29
140812,"10166950","0",6
140812,"10175931","0",1
140812,"10175932","0",4
140812,"10175933","0",2
140812,"10175935","0",1
140812,"10212918","0",1
140812,"10212920","0",1
140812,"10212924","0",39
140812,"10212937","0",5
140812,"10212938","0",7
140812,"10213024","0",2
140812,"10213025","0",4
140812,"10213272","0",2
140812,"10213811","0",6
140812,"10213813","0",1
140812,"10213814","0",6
140812,"10216956","0",13
140812,"10216957","0",8
140812,"10216959","0",8
140812,"10216960","0",1
140812,"10216961","0",1
140812,"10217051","0",11
140812,"10217053","0",16
140812,"10217055","0",4
140812,"10217056","0",67
140812,"10230653","0",1
140812,"10230655","0",7
140812,"10230659","0",45
140812,"10230661","0",1
140812,"10230686","0",5
140812,"10230687","0",1
140812,"10230699","0",9
140812,"10249783","0",22
140812,"10249784","0",4
140812,"10249785","0",30
140812,"10259607","0",2
140813,"10166869","0",2
140813,"10166870","0",10
140813,"10166871","0",10
140813,"10166872","0",20
140813,"10166874","0",2
140813,"10166877","0",2
140813,"10166881","0",3
140813,"10166882","0",4
140813,"10166887","0",1
140813,"10166889","0",2
140813,"10166890","0",5
140813,"10166891","0",27
140813,"10166892","0",5
140813,"10166893","0",11
140813,"10166894","0",8
140813,"10166899","0",1
140813,"10166900","0",5
140813,"10166901","0",9
140813,"10166902","0",27
140813,"10166903","0",47
140813,"10166905","0",3
140813,"10166906","0",1
140813,"10166908","0",13
140813,"10166909","0",9
140813,"10166910","0",10
140813,"10166911","0",21
140813,"10166912","0",14
140813,"10166913","0",1
140813,"10166914","0",6
140813,"10166915","0",1
140813,"10166917","0",82
140813,"10166918","0",33
140813,"10166919","0",7
140813,"10166925","0",21
140813,"10166926","0",37
140813,"10166927","0",10
140813,"10166928","0",66
140813,"10166929","0",23
140813,"10166930","0",2
140813,"10166935","0",3
140813,"10166936","0",2
140813,"10166937","0",5
140813,"10166938","0",4
140813,"10166939","0",2
140813,"10166940","0",1
140813,"10166943","0",3
140813,"10166945","0",3
140813,"10166946","0",1
140813,"10166947","0",13
140813,"10166948","0",15
140813,"10166949","0",22
140813,"10166950","0",2
140813,"10175931","0",1
140813,"10175932","0",10
140813,"10175933","0",6
140813,"10175935","0",1
140813,"10212918","0",1
140813,"10212919","0",1
140813,"10212921","0",1
140813,"10212924","0",16
140813,"10212927","0",1
140813,"10212928","0",1
140813,"10212938","0",8
140813,"10213024","0",6
140813,"10213025","0",2
140813,"10213272","0",2
140813,"10213811","0",2
140813,"10213812","0",5
140813,"10213813","0",4
140813,"10213814","0",5
140813,"10213817","0",3
140813,"10213818","0",1
140813,"10216956","0",20
140813,"10216957","0",10
140813,"10216959","0",13
140813,"10217051","0",11
140813,"10217053","0",11
140813,"10217055","0",3
140813,"10217056","0",65
140813,"10230653","0",2
140813,"10230655","0",5
140813,"10230659","0",38
140813,"10230661","0",2
140813,"10230686","0",2
140813,"10230687","0",2
140813,"10230688","0",1
140813,"10230697","0",1
140813,"10230699","0",3
140813,"10249783","0",18
140813,"10249784","0",8
140813,"10249785","0",18
140813,"10259555","0",2
140813,"10259607","0",2
140814,"10166869","0",2
140814,"10166870","0",7
140814,"10166871","0",11
140814,"10166872","0",20
140814,"10166873","0",1
140814,"10166877","0",2
140814,"10166881","0",2
140814,"10166882","0",3
140814,"10166885","0",1
140814,"10166887","0",1
140814,"10166888","0",1
140814,"10166890","0",3
140814,"10166891","0",35
140814,"10166892","0",5
140814,"10166893","0",6
140814,"10166894","0",11
140814,"10166899","0",1
140814,"10166900","0",3
140814,"10166901","0",12
140814,"10166902","0",34
140814,"10166903","0",44
140814,"10166905","0",3
140814,"10166907","0",1
140814,"10166908","0",15
140814,"10166909","0",8
140814,"10166910","0",18
140814,"10166911","0",18
140814,"10166912","0",8
140814,"10166914","0",3
140814,"10166915","0",1
140814,"10166917","0",87
140814,"10166918","0",26
140814,"10166919","0",3
140814,"10166925","0",14
140814,"10166926","0",48
140814,"10166927","0",4
140814,"10166928","0",70
140814,"10166929","0",22
140814,"10166935","0",4
140814,"10166936","0",4
140814,"10166937","0",2
140814,"10166938","0",7
140814,"10166939","0",4
140814,"10166940","0",2
140814,"10166942","0",1
140814,"10166943","0",4
140814,"10166944","0",4
140814,"10166945","0",1
140814,"10166946","0",1
140814,"10166947","0",14
140814,"10166948","0",17
140814,"10166949","0",18
140814,"10166950","0",2
140814,"10175931","0",2
140814,"10175932","0",9
140814,"10175933","0",1
140814,"10175935","0",1
140814,"10212918","0",2
140814,"10212924","0",17
140814,"10212927","0",2
140814,"10212937","0",3
140814,"10212938","0",3
140814,"10213024","0",5
140814,"10213811","0",3
140814,"10213812","0",1
140814,"10213814","0",4
140814,"10213818","0",1
140814,"10216956","0",19
140814,"10216957","0",9
140814,"10216959","0",6
140814,"10216961","0",1
140814,"10217051","0",8
140814,"10217053","0",11
140814,"10217055","0",4
140814,"10217056","0",62
140814,"10230655","0",7
140814,"10230659","0",48
140814,"10230661","0",2
140814,"10230686","0",1
140814,"10230687","0",1
140814,"10230699","0",7
140814,"10249783","0",20
140814,"10249784","0",5
140814,"10249785","0",26
140814,"10259555","0",1
140814,"10259607","0",3
140815,"10166869","0",2
140815,"10166870","0",6
140815,"10166871","0",10
140815,"10166872","0",23
140815,"10166873","0",1
140815,"10166874","0",2
140815,"10166881","0",3
140815,"10166882","0",5
140815,"10166885","0",3
140815,"10166891","0",33
140815,"10166892","0",4
140815,"10166893","0",8
140815,"10166894","0",12
140815,"10166896","0",3
140815,"10166899","0",2
140815,"10166900","0",4
140815,"10166901","0",14
140815,"10166902","0",26
140815,"10166903","0",24
140815,"10166904","0",1
140815,"10166905","0",3
140815,"10166908","0",9
140815,"10166909","0",6
140815,"10166910","0",44
140815,"10166911","0",24
140815,"10166912","0",9
140815,"10166914","0",5
140815,"10166917","0",55
140815,"10166918","0",30
140815,"10166919","0",6
140815,"10166920","0",1
140815,"10166923","0",1
140815,"10166925","0",9
140815,"10166926","0",37
140815,"10166927","0",6
140815,"10166928","0",64
140815,"10166929","0",15
140815,"10166934","0",1
140815,"10166935","0",2
140815,"10166936","0",6
140815,"10166937","0",10
140815,"10166938","0",4
140815,"10166939","0",6
140815,"10166940","0",2
140815,"10166943","0",3
140815,"10166945","0",1
140815,"10166947","0",23
140815,"10166948","0",13
140815,"10166949","0",16
140815,"10166950","0",3
140815,"10175930","0",1
140815,"10175931","0",1
140815,"10175932","0",3
140815,"10175933","0",6
140815,"10175934","0",1
140815,"10175935","0",1
140815,"10212918","0",1
140815,"10212924","0",17
140815,"10212927","0",3
140815,"10212937","0",3
140815,"10212938","0",4
140815,"10213024","0",6
140815,"10213812","0",3
140815,"10216956","0",14
140815,"10216957","0",11
140815,"10216959","0",10
140815,"10216960","0",1
140815,"10216961","0",2
140815,"10217051","0",6
140815,"10217053","0",11
140815,"10217056","0",60
140815,"10230655","0",8
140815,"10230659","0",44
140815,"10230661","0",1
140815,"10230686","0",4
140815,"10230687","0",3
140815,"10230699","0",5
140815,"10249783","0",15
140815,"10249784","0",5
140815,"10249785","0",19
140815,"10259555","0",1
140815,"10259607","0",3
140815,"10273321","0",6
140815,"10273322","0",3
140815,"10273323","0",2
140815,"10273324","0",1
140815,"10273326","0",31
140815,"10273329","0",1
140816,"10166869","0",2
140816,"10166870","0",6
140816,"10166871","0",10
140816,"10166872","0",21
140816,"10166873","0",1
140816,"10166874","0",4
140816,"10166877","0",1
140816,"10166881","0",3
140816,"10166882","0",6
140816,"10166890","0",10
140816,"10166891","0",25
140816,"10166892","0",3
140816,"10166893","0",5
140816,"10166894","0",9
140816,"10166899","0",2
140816,"10166900","0",6
140816,"10166901","0",10
140816,"10166902","0",26
140816,"10166903","0",33
140816,"10166905","0",4
140816,"10166906","0",1
140816,"10166908","0",18
140816,"10166909","0",9
140816,"10166910","0",23
140816,"10166911","0",42
140816,"10166912","0",7
140816,"10166913","0",1
140816,"10166914","0",6
140816,"10166915","0",2
140816,"10166917","0",91
140816,"10166918","0",58
140816,"10166919","0",5
140816,"10166920","0",5
140816,"10166925","0",20
140816,"10166926","0",47
140816,"10166927","0",4
140816,"10166928","0",53
140816,"10166929","0",6
140816,"10166931","0",1
140816,"10166932","0",1
140816,"10166935","0",2
140816,"10166936","0",7
140816,"10166937","0",3
140816,"10166938","0",4
140816,"10166939","0",6
140816,"10166943","0",1
140816,"10166944","0",1
140816,"10166945","0",2
140816,"10166947","0",9
140816,"10166948","0",14
140816,"10166949","0",45
140816,"10166950","0",4
140816,"10175931","0",2
140816,"10175932","0",5
140816,"10175933","0",3
140816,"10175934","0",2
140816,"10175935","0",1
140816,"10212918","0",1
140816,"10212919","0",1
140816,"10212924","0",18
140816,"10212927","0",1
140816,"10212937","0",2
140816,"10212938","0",3
140816,"10213024","0",5
140816,"10213025","0",7
140816,"10213817","0",1
140816,"10216956","0",24
140816,"10216957","0",5
140816,"10216959","0",9
140816,"10216961","0",1
140816,"10217051","0",12
140816,"10217052","0",2
140816,"10217053","0",18
140816,"10217055","0",2
140816,"10217056","0",49
140816,"10230644","0",2
140816,"10230655","0",7
140816,"10230659","0",52
140816,"10230661","0",1
140816,"10230686","0",2
140816,"10230697","0",1
140816,"10230699","0",9
140816,"10249783","0",24
140816,"10249784","0",5
140816,"10249785","0",14
140816,"10259555","0",1
140816,"10259607","0",7
140816,"10273321","0",8
140816,"10273322","0",8
140816,"10273323","0",4
140816,"10273324","0",2
140816,"10273325","0",1
140816,"10273326","0",15
140816,"10273328","0",1
140816,"10273391","0",2
140817,"10166869","0",3
140817,"10166870","0",10
140817,"10166871","0",8
140817,"10166872","0",17
140817,"10166874","0",1
140817,"10166877","0",2
140817,"10166881","0",3
140817,"10166882","0",1
140817,"10166889","0",1
140817,"10166890","0",2
140817,"10166891","0",25
140817,"10166892","0",4
140817,"10166893","0",9
140817,"10166894","0",7
140817,"10166900","0",8
140817,"10166901","0",22
140817,"10166902","0",35
140817,"10166903","0",46
140817,"10166904","0",1
140817,"10166905","0",2
140817,"10166907","0",1
140817,"10166908","0",16
140817,"10166909","0",11
140817,"10166910","0",14
140817,"10166911","0",36
140817,"10166912","0",8
140817,"10166914","0",10
140817,"10166917","0",101
140817,"10166918","0",56
140817,"10166919","0",4
140817,"10166920","0",2
140817,"10166925","0",15
140817,"10166926","0",39
140817,"10166927","0",7
140817,"10166928","0",52
140817,"10166929","0",20
140817,"10166930","0",1
140817,"10166935","0",5
140817,"10166936","0",4
140817,"10166937","0",2
140817,"10166938","0",5
140817,"10166939","0",2
140817,"10166943","0",5
140817,"10166944","0",3
140817,"10166945","0",3
140817,"10166946","0",3
140817,"10166947","0",15
140817,"10166948","0",14
140817,"10166949","0",48
140817,"10166950","0",3
140817,"10175931","0",4
140817,"10175932","0",5
140817,"10175933","0",1
140817,"10175934","0",1
140817,"10212918","0",2
140817,"10212921","0",1
140817,"10212924","0",32
140817,"10212927","0",1
140817,"10212929","0",1
140817,"10212930","0",1
140817,"10212937","0",4
140817,"10212938","0",8
140817,"10213024","0",10
140817,"10213025","0",5
140817,"10213273","0",1
140817,"10216956","0",15
140817,"10216957","0",11
140817,"10216959","0",12
140817,"10216961","0",1
140817,"10217051","0",11
140817,"10217053","0",26
140817,"10217055","0",3
140817,"10217056","0",82
140817,"10230644","0",1
140817,"10230655","0",6
140817,"10230659","0",46
140817,"10230661","0",1
140817,"10230686","0",6
140817,"10230687","0",1
140817,"10230688","0",1
140817,"10230691","0",1
140817,"10230699","0",6
140817,"10249783","0",26
140817,"10249784","0",5
140817,"10249785","0",9
140817,"10259607","0",6
140817,"10273321","0",8
140817,"10273322","0",8
140817,"10273323","0",2
140817,"10273324","0",7
140817,"10273326","0",28
140817,"10273328","0",2
140817,"10273329","0",3
140818,"10166869","0",4
140818,"10166870","0",12
140818,"10166871","0",17
140818,"10166872","0",29
140818,"10166873","0",1
140818,"10166874","0",1
140818,"10166881","0",4
140818,"10166882","0",9
140818,"10166885","0",4
140818,"10166887","0",1
140818,"10166889","0",1
140818,"10166890","0",11
140818,"10166891","0",36
140818,"10166892","0",7
140818,"10166893","0",13
140818,"10166894","0",12
140818,"10166896","0",1
140818,"10166899","0",3
140818,"10166900","0",8
140818,"10166901","0",15
140818,"10166902","0",37
140818,"10166903","0",62
140818,"10166905","0",3
140818,"10166908","0",33
140818,"10166909","0",8
140818,"10166910","0",18
140818,"10166911","0",31
140818,"10166912","0",6
140818,"10166913","0",1
140818,"10166914","0",12
140818,"10166915","0",1
140818,"10166917","0",118
140818,"10166918","0",47
140818,"10166919","0",7
140818,"10166920","0",1
140818,"10166925","0",30
140818,"10166926","0",59
140818,"10166927","0",17
140818,"10166928","0",86
140818,"10166929","0",43
140818,"10166930","0",2
140818,"10166931","0",1
140818,"10166933","0",2
140818,"10166934","0",4
140818,"10166935","0",9
140818,"10166936","0",4
140818,"10166937","0",7
140818,"10166938","0",2
140818,"10166939","0",3
140818,"10166940","0",2
140818,"10166943","0",1
140818,"10166945","0",3
140818,"10166946","0",3
140818,"10166947","0",16
140818,"10166948","0",28
140818,"10166949","0",28
140818,"10166950","0",5
140818,"10175931","0",1
140818,"10175932","0",10
140818,"10175933","0",4
140818,"10175934","0",1
140818,"10212918","0",2
140818,"10212921","0",1
140818,"10212924","0",20
140818,"10212927","0",3
140818,"10212937","0",2
140818,"10212938","0",5
140818,"10213024","0",5
140818,"10213025","0",6
140818,"10213273","0",1
140818,"10213818","0",1
140818,"10216956","0",29
140818,"10216957","0",7
140818,"10216959","0",20
140818,"10216960","0",1
140818,"10216961","0",2
140818,"10217051","0",13
140818,"10217052","0",1
140818,"10217053","0",48
140818,"10217055","0",2
140818,"10217056","0",96
140818,"10230644","0",3
140818,"10230654","0",1
140818,"10230655","0",8
140818,"10230659","0",61
140818,"10230661","0",6
140818,"10230686","0",2
140818,"10230687","0",4
140818,"10230688","0",2
140818,"10230699","0",9
140818,"10249783","0",30
140818,"10249784","0",5
140818,"10249785","0",16
140818,"10259607","0",6
140818,"10273321","0",14
140818,"10273322","0",9
140818,"10273323","0",1
140818,"10273324","0",10
140818,"10273325","0",4
140818,"10273326","0",24
140818,"10273328","0",4
140818,"10273329","0",1
140819,"10166869","0",5
140819,"10166870","0",11
140819,"10166871","0",14
140819,"10166872","0",15
140819,"10166874","0",1
140819,"10166877","0",2
140819,"10166881","0",7
140819,"10166882","0",8
140819,"10166885","0",6
140819,"10166888","0",1
140819,"10166890","0",14
140819,"10166891","0",36
140819,"10166892","0",11
140819,"10166893","0",17
140819,"10166894","0",11
140819,"10166895","0",1
140819,"10166899","0",2
140819,"10166900","0",3
140819,"10166901","0",15
140819,"10166902","0",46
140819,"10166903","0",42
140819,"10166904","0",1
140819,"10166905","0",3
140819,"10166907","0",1
140819,"10166908","0",39
140819,"10166909","0",9
140819,"10166910","0",17
140819,"10166911","0",39
140819,"10166912","0",8
140819,"10166914","0",11
140819,"10166917","0",102
140819,"10166918","0",49
140819,"10166919","0",14
140819,"10166920","0",1
140819,"10166925","0",14
140819,"10166926","0",64
140819,"10166927","0",11
140819,"10166928","0",85
140819,"10166929","0",46
140819,"10166932","0",1
140819,"10166934","0",7
140819,"10166935","0",6
140819,"10166936","0",9
140819,"10166937","0",7
140819,"10166938","0",8
140819,"10166939","0",2
140819,"10166940","0",2
140819,"10166944","0",2
140819,"10166945","0",2
140819,"10166947","0",21
140819,"10166948","0",16
140819,"10166949","0",25
140819,"10166950","0",5
140819,"10175932","0",8
140819,"10175933","0",6
140819,"10212918","0",3
140819,"10212924","0",23
140819,"10212927","0",4
140819,"10212937","0",2
140819,"10212938","0",8
140819,"10213024","0",7
140819,"10213025","0",4
140819,"10213272","0",4
140819,"10216956","0",36
140819,"10216957","0",4
140819,"10216959","0",10
140819,"10216961","0",4
140819,"10217051","0",25
140819,"10217052","0",1
140819,"10217053","0",28
140819,"10217055","0",6
140819,"10217056","0",95
140819,"10217058","0",1
140819,"10230644","0",1
140819,"10230653","0",1
140819,"10230655","0",15
140819,"10230659","0",52
140819,"10230661","0",1
140819,"10230682","0",2
140819,"10230686","0",7
140819,"10230687","0",3
140819,"10230688","0",1
140819,"10230699","0",10
140819,"10249783","0",6
140819,"10249784","0",2
140819,"10249785","0",1
140819,"10259555","0",1
140819,"10259607","0",3
140819,"10273321","0",8
140819,"10273322","0",19
140819,"10273323","0",3
140819,"10273324","0",14
140819,"10273325","0",3
140819,"10273326","0",45
140819,"10273328","0",4
140819,"10273329","0",6
140819,"10273391","0",3
140820,"10166869","0",8
140820,"10166870","0",14
140820,"10166871","0",15
140820,"10166872","0",23
140820,"10166874","0",4
140820,"10166877","0",1
140820,"10166881","0",4
140820,"10166882","0",10
140820,"10166885","0",1
140820,"10166889","0",1
140820,"10166890","0",6
140820,"10166891","0",28
140820,"10166892","0",2
140820,"10166893","0",6
140820,"10166894","0",15
140820,"10166896","0",2
140820,"10166899","0",2
140820,"10166900","0",10
140820,"10166901","0",19
140820,"10166902","0",43
140820,"10166903","0",53
140820,"10166905","0",3
140820,"10166907","0",2
140820,"10166908","0",23
140820,"10166909","0",10
140820,"10166910","0",18
140820,"10166911","0",31
140820,"10166912","0",7
140820,"10166913","0",1
140820,"10166914","0",6
140820,"10166917","0",143
140820,"10166918","0",48
140820,"10166919","0",4
140820,"10166920","0",3
140820,"10166925","0",14
140820,"10166926","0",55
140820,"10166927","0",4
140820,"10166928","0",71
140820,"10166929","0",24
140820,"10166930","0",1
140820,"10166934","0",2
140820,"10166935","0",8
140820,"10166936","0",4
140820,"10166937","0",5
140820,"10166938","0",4
140820,"10166939","0",1
140820,"10166942","0",1
140820,"10166943","0",6
140820,"10166944","0",2
140820,"10166945","0",3
140820,"10166946","0",1
140820,"10166947","0",23
140820,"10166948","0",14
140820,"10166949","0",21
140820,"10166950","0",4
140820,"10175931","0",4
140820,"10175932","0",8
140820,"10175933","0",4
140820,"10175934","0",2
140820,"10175935","0",3
140820,"10212918","0",1
140820,"10212924","0",18
140820,"10212928","0",1
140820,"10212937","0",2
140820,"10212938","0",4
140820,"10213024","0",6
140820,"10213025","0",3
140820,"10213272","0",2
140820,"10216956","0",22
140820,"10216957","0",7
140820,"10216959","0",19
140820,"10216960","0",2
140820,"10216961","0",1
140820,"10217051","0",13
140820,"10217052","0",3
140820,"10217053","0",17
140820,"10217055","0",4
140820,"10217056","0",91
140820,"10230655","0",8
140820,"10230659","0",69
140820,"10230661","0",1
140820,"10230686","0",3
140820,"10230688","0",4
140820,"10230691","0",1
140820,"10230699","0",4
140820,"10259555","0",1
140820,"10259607","0",6
140820,"10273321","0",11
140820,"10273322","0",28
140820,"10273323","0",9
140820,"10273324","0",9
140820,"10273325","0",3
140820,"10273326","0",46
140820,"10273328","0",3
140820,"10273329","0",5
140820,"10273389","0",1
140820,"10273391","0",1
140820,"10273392","0",2
140821,"10166869","0",3
140821,"10166870","0",13
140821,"10166871","0",13
140821,"10166872","0",24
140821,"10166874","0",2
140821,"10166881","0",6
140821,"10166882","0",10
140821,"10166885","0",3
140821,"10166888","0",1
140821,"10166889","0",1
140821,"10166890","0",8
140821,"10166891","0",40
140821,"10166892","0",4
140821,"10166893","0",9
140821,"10166894","0",8
140821,"10166895","0",1
140821,"10166896","0",1
140821,"10166899","0",1
140821,"10166900","0",7
140821,"10166901","0",10
140821,"10166902","0",30
140821,"10166903","0",41
140821,"10166904","0",1
140821,"10166905","0",5
140821,"10166906","0",2
140821,"10166907","0",1
140821,"10166908","0",17
140821,"10166909","0",3
140821,"10166910","0",22
140821,"10166911","0",52
140821,"10166912","0",7
140821,"10166914","0",11
140821,"10166915","0",2
140821,"10166917","0",119
140821,"10166918","0",46
140821,"10166919","0",7
140821,"10166920","0",2
140821,"10166923","0",1
140821,"10166925","0",12
140821,"10166926","0",52
140821,"10166927","0",12
140821,"10166928","0",55
140821,"10166929","0",14
140821,"10166934","0",5
140821,"10166935","0",7
140821,"10166936","0",5
140821,"10166937","0",13
140821,"10166938","0",4
140821,"10166939","0",5
140821,"10166942","0",2
140821,"10166943","0",4
140821,"10166944","0",2
140821,"10166945","0",2
140821,"10166946","0",4
140821,"10166947","0",23
140821,"10166948","0",18
140821,"10166949","0",28
140821,"10166950","0",8
140821,"10175931","0",1
140821,"10175932","0",4
140821,"10175933","0",3
140821,"10175935","0",3
140821,"10212918","0",3
140821,"10212924","0",10
140821,"10212927","0",3
140821,"10212937","0",3
140821,"10212938","0",7
140821,"10213024","0",2
140821,"10213025","0",2
140821,"10216956","0",21
140821,"10216957","0",4
140821,"10216959","0",14
140821,"10216961","0",3
140821,"10217051","0",13
140821,"10217052","0",1
140821,"10217053","0",12
140821,"10217055","0",7
140821,"10217056","0",96
140821,"10217058","0",1
140821,"10230653","0",1
140821,"10230654","0",1
140821,"10230655","0",10
140821,"10230659","0",64
140821,"10230661","0",2
140821,"10230682","0",1
140821,"10230686","0",6
140821,"10230687","0",2
140821,"10230691","0",1
140821,"10230699","0",12
140821,"10259555","0",1
140821,"10259607","0",8
140821,"10273321","0",10
140821,"10273322","0",22
140821,"10273323","0",12
140821,"10273324","0",22
140821,"10273325","0",7
140821,"10273326","0",55
140821,"10273328","0",3
140821,"10273329","0",10
140821,"10273391","0",3
140822,"10166869","0",2
140822,"10166870","0",9
140822,"10166871","0",18
140822,"10166872","0",16
140822,"10166874","0",1
140822,"10166877","0",2
140822,"10166881","0",4
140822,"10166882","0",10
140822,"10166885","0",1
140822,"10166890","0",7
140822,"10166891","0",35
140822,"10166892","0",6
140822,"10166893","0",9
140822,"10166894","0",13
140822,"10166895","0",1
140822,"10166896","0",1
140822,"10166899","0",1
140822,"10166900","0",5
140822,"10166901","0",17
140822,"10166902","0",52
140822,"10166903","0",49
140822,"10166905","0",4
140822,"10166907","0",2
140822,"10166908","0",22
140822,"10166909","0",14
140822,"10166910","0",17
140822,"10166911","0",44
140822,"10166912","0",1
140822,"10166914","0",8
140822,"10166917","0",142
140822,"10166918","0",40
140822,"10166919","0",5
140822,"10166923","0",2
140822,"10166925","0",13
140822,"10166926","0",53
140822,"10166927","0",5
140822,"10166928","0",65
140822,"10166929","0",13
140822,"10166930","0",2
140822,"10166931","0",4
140822,"10166932","0",1
140822,"10166934","0",3
140822,"10166935","0",8
140822,"10166936","0",6
140822,"10166937","0",9
140822,"10166938","0",5
140822,"10166939","0",4
140822,"10166940","0",1
140822,"10166942","0",1
140822,"10166943","0",3
140822,"10166944","0",1
140822,"10166945","0",1
140822,"10166947","0",16
140822,"10166948","0",20
140822,"10166949","0",46
140822,"10166950","0",4
140822,"10175931","0",2
140822,"10175932","0",3
140822,"10175933","0",4
140822,"10175934","0",2
140822,"10175935","0",1
140822,"10212921","0",1
140822,"10212924","0",13
140822,"10212929","0",1
140822,"10212930","0",1
140822,"10212934","0",1
140822,"10212937","0",1
140822,"10212938","0",3
140822,"10213024","0",7
140822,"10213025","0",3
140822,"10213272","0",1
140822,"10216956","0",24
140822,"10216957","0",1
140822,"10216959","0",20
140822,"10216961","0",1
140822,"10217051","0",4
140822,"10217052","0",1
140822,"10217053","0",40
140822,"10217055","0",3
140822,"10217056","0",94
140822,"10230655","0",3
140822,"10230659","0",60
140822,"10230661","0",2
140822,"10230686","0",2
140822,"10230687","0",1
140822,"10230688","0",3
140822,"10230699","0",7
140822,"10259607","0",7
140822,"10273321","0",14
140822,"10273322","0",31
140822,"10273323","0",4
140822,"10273324","0",17
140822,"10273325","0",4
140822,"10273326","0",62
140822,"10273328","0",4
140822,"10273329","0",5
140822,"10273391","0",2
140823,"10166869","0",8
140823,"10166870","0",11
140823,"10166871","0",15
140823,"10166872","0",21
140823,"10166873","0",1
140823,"10166874","0",2
140823,"10166877","0",1
140823,"10166881","0",3
140823,"10166882","0",8
140823,"10166885","0",5
140823,"10166886","0",1
140823,"10166890","0",7
140823,"10166891","0",34
140823,"10166892","0",11
140823,"10166893","0",5
140823,"10166894","0",9
140823,"10166899","0",2
140823,"10166900","0",13
140823,"10166901","0",13
140823,"10166902","0",28
140823,"10166903","0",42
140823,"10166905","0",2
140823,"10166907","0",1
140823,"10166908","0",22
140823,"10166909","0",15
140823,"10166910","0",27
140823,"10166911","0",43
140823,"10166912","0",4
140823,"10166914","0",7
140823,"10166917","0",121
140823,"10166918","0",37
140823,"10166919","0",5
140823,"10166920","0",1
140823,"10166923","0",2
140823,"10166925","0",13
140823,"10166926","0",60
140823,"10166927","0",11
140823,"10166928","0",60
140823,"10166929","0",14
140823,"10166930","0",2
140823,"10166934","0",5
140823,"10166935","0",14
140823,"10166936","0",8
140823,"10166937","0",5
140823,"10166938","0",6
140823,"10166939","0",3
140823,"10166940","0",1
140823,"10166942","0",1
140823,"10166943","0",3
140823,"10166944","0",1
140823,"10166945","0",1
140823,"10166947","0",21
140823,"10166948","0",14
140823,"10166949","0",58
140823,"10175931","0",1
140823,"10175932","0",5
140823,"10175933","0",4
140823,"10175935","0",1
140823,"10175936","0",1
140823,"10212918","0",1
140823,"10212924","0",10
140823,"10212937","0",1
140823,"10212938","0",4
140823,"10213024","0",3
140823,"10213025","0",5
140823,"10216956","0",34
140823,"10216957","0",6
140823,"10216959","0",17
140823,"10216960","0",1
140823,"10217051","0",6
140823,"10217052","0",2
140823,"10217053","0",15
140823,"10217055","0",2
140823,"10217056","0",70
140823,"10230644","0",2
140823,"10230654","0",2
140823,"10230655","0",9
140823,"10230659","0",47
140823,"10230661","0",3
140823,"10230687","0",5
140823,"10230688","0",1
140823,"10230689","0",1
140823,"10230699","0",6
140823,"10259607","0",4
140823,"10273321","0",18
140823,"10273322","0",19
140823,"10273323","0",9
140823,"10273324","0",15
140823,"10273325","0",3
140823,"10273326","0",60
140823,"10273328","0",2
140823,"10273329","0",9
140823,"10273391","0",2
140823,"10274788","0",1
140824,"10166869","0",6
140824,"10166870","0",18
140824,"10166871","0",8
140824,"10166872","0",22
140824,"10166873","0",3
140824,"10166881","0",10
140824,"10166882","0",14
140824,"10166885","0",2
140824,"10166888","0",1
140824,"10166889","0",1
140824,"10166890","0",7
140824,"10166891","0",37
140824,"10166892","0",11
140824,"10166893","0",10
140824,"10166894","0",7
140824,"10166899","0",1
140824,"10166900","0",12
140824,"10166901","0",13
140824,"10166902","0",53
140824,"10166903","0",44
140824,"10166904","0",1
140824,"10166905","0",4
140824,"10166906","0",1
140824,"10166908","0",33
140824,"10166909","0",16
140824,"10166910","0",27
140824,"10166911","0",107
140824,"10166912","0",9
140824,"10166914","0",8
140824,"10166915","0",2
140824,"10166917","0",142
140824,"10166918","0",34
140824,"10166919","0",7
140824,"10166920","0",1
140824,"10166925","0",20
140824,"10166926","0",60
140824,"10166927","0",1
140824,"10166928","0",67
140824,"10166929","0",17
140824,"10166930","0",1
140824,"10166933","0",1
140824,"10166934","0",3
140824,"10166935","0",4
140824,"10166936","0",5
140824,"10166937","0",15
140824,"10166938","0",2
140824,"10166939","0",5
140824,"10166940","0",1
140824,"10166942","0",1
140824,"10166943","0",5
140824,"10166944","0",2
140824,"10166945","0",1
140824,"10166947","0",16
140824,"10166948","0",8
140824,"10166949","0",68
140824,"10166950","0",5
140824,"10175931","0",1
140824,"10175932","0",3
140824,"10175933","0",2
140824,"10175934","0",1
140824,"10175935","0",2
140824,"10212918","0",1
140824,"10212924","0",16
140824,"10212925","0",1
140824,"10212927","0",1
140824,"10212931","0",1
140824,"10212937","0",2
140824,"10212938","0",4
140824,"10213024","0",3
140824,"10213025","0",7
140824,"10213272","0",1
140824,"10216956","0",27
140824,"10216957","0",5
140824,"10216959","0",12
140824,"10216960","0",2
140824,"10217051","0",3
140824,"10217052","0",1
140824,"10217053","0",21
140824,"10217055","0",2
140824,"10217056","0",114
140824,"10230644","0",2
140824,"10230655","0",12
140824,"10230659","0",62
140824,"10230661","0",4
140824,"10230686","0",6
140824,"10230687","0",4
140824,"10230688","0",1
140824,"10230699","0",9
140824,"10259607","0",6
140824,"10273321","0",16
140824,"10273322","0",33
140824,"10273323","0",5
140824,"10273324","0",5
140824,"10273325","0",3
140824,"10273326","0",65
140824,"10273328","0",7
140824,"10273329","0",7
140824,"10273391","0",1
140825,"10166869","0",2
140825,"10166870","0",20
140825,"10166871","0",11
140825,"10166872","0",29
140825,"10166874","0",1
140825,"10166877","0",1
140825,"10166881","0",7
140825,"10166882","0",15
140825,"10166885","0",4
140825,"10166889","0",1
140825,"10166890","0",10
140825,"10166891","0",34
140825,"10166892","0",10
140825,"10166893","0",12
140825,"10166894","0",13
140825,"10166900","0",7
140825,"10166901","0",16
140825,"10166902","0",67
140825,"10166903","0",69
140825,"10166904","0",1
140825,"10166905","0",4
140825,"10166906","0",1
140825,"10166907","0",3
140825,"10166908","0",27
140825,"10166909","0",15
140825,"10166910","0",19
140825,"10166911","0",100
140825,"10166912","0",8
140825,"10166913","0",1
140825,"10166914","0",18
140825,"10166915","0",2
140825,"10166917","0",183
140825,"10166918","0",64
140825,"10166919","0",4
140825,"10166920","0",1
140825,"10166925","0",24
140825,"10166926","0",75
140825,"10166927","0",4
140825,"10166928","0",95
140825,"10166929","0",10
140825,"10166930","0",1
140825,"10166931","0",1
140825,"10166934","0",2
140825,"10166935","0",10
140825,"10166936","0",12
140825,"10166937","0",16
140825,"10166938","0",6
140825,"10166939","0",8
140825,"10166940","0",2
140825,"10166943","0",7
140825,"10166945","0",2
140825,"10166946","0",1
140825,"10166947","0",21
140825,"10166948","0",23
140825,"10166949","0",60
140825,"10166950","0",5
140825,"10175932","0",5
140825,"10175933","0",5
140825,"10175934","0",1
140825,"10175935","0",2
140825,"10175936","0",1
140825,"10212918","0",2
140825,"10212924","0",19
140825,"10212927","0",1
140825,"10212937","0",2
140825,"10212938","0",10
140825,"10213024","0",11
140825,"10213025","0",7
140825,"10213272","0",2
140825,"10213273","0",2
140825,"10216956","0",39
140825,"10216957","0",6
140825,"10216959","0",23
140825,"10216960","0",1
140825,"10216961","0",1
140825,"10217051","0",6
140825,"10217053","0",27
140825,"10217055","0",1
140825,"10217056","0",136
140825,"10230654","0",3
140825,"10230655","0",12
140825,"10230659","0",61
140825,"10230661","0",2
140825,"10230686","0",5
140825,"10230687","0",4
140825,"10230688","0",4
140825,"10230699","0",9
140825,"10259555","0",2
140825,"10259607","0",5
140825,"10273321","0",18
140825,"10273322","0",40
140825,"10273323","0",3
140825,"10273324","0",18
140825,"10273325","0",6
140825,"10273326","0",96
140825,"10273328","0",3
140825,"10273329","0",8
140825,"10273389","0",1
140825,"10274780","0",1
140825,"10274788","0",3
140826,"10166869","0",4
140826,"10166870","0",19
140826,"10166871","0",14
140826,"10166872","0",17
140826,"10166874","0",1
140826,"10166877","0",1
140826,"10166881","0",13
140826,"10166882","0",16
140826,"10166885","0",6
140826,"10166888","0",2
140826,"10166889","0",1
140826,"10166890","0",12
140826,"10166891","0",48
140826,"10166892","0",9
140826,"10166893","0",9
140826,"10166894","0",12
140826,"10166896","0",1
140826,"10166899","0",3
140826,"10166900","0",10
140826,"10166901","0",17
140826,"10166902","0",52
140826,"10166903","0",71
140826,"10166905","0",3
140826,"10166908","0",39
140826,"10166909","0",10
140826,"10166910","0",17
140826,"10166911","0",108
140826,"10166912","0",12
140826,"10166913","0",4
140826,"10166914","0",7
140826,"10166915","0",3
140826,"10166917","0",165
140826,"10166918","0",55
140826,"10166919","0",2
140826,"10166920","0",6
140826,"10166925","0",24
140826,"10166926","0",80
140826,"10166927","0",5
140826,"10166928","0",70
140826,"10166929","0",13
140826,"10166930","0",1
140826,"10166931","0",2
140826,"10166933","0",1
140826,"10166934","0",9
140826,"10166935","0",42
140826,"10166936","0",9
140826,"10166937","0",14
140826,"10166938","0",5
140826,"10166939","0",4
140826,"10166940","0",4
140826,"10166943","0",2
140826,"10166944","0",1
140826,"10166946","0",1
140826,"10166947","0",18
140826,"10166948","0",22
140826,"10166949","0",72
140826,"10166950","0",3
140826,"10175931","0",1
140826,"10175932","0",6
140826,"10175933","0",3
140826,"10175934","0",1
140826,"10212918","0",4
140826,"10212921","0",1
140826,"10212924","0",24
140826,"10212927","0",4
140826,"10212931","0",1
140826,"10212937","0",4
140826,"10212938","0",6
140826,"10212939","0",1
140826,"10213024","0",2
140826,"10213025","0",4
140826,"10213272","0",1
140826,"10216956","0",34
140826,"10216957","0",3
140826,"10216959","0",28
140826,"10216961","0",1
140826,"10217053","0",23
140826,"10217055","0",5
140826,"10217056","0",113
140826,"10230644","0",2
140826,"10230653","0",1
140826,"10230655","0",12
140826,"10230658","0",1
140826,"10230659","0",71
140826,"10230661","0",1
140826,"10230686","0",5
140826,"10230687","0",3
140826,"10230688","0",2
140826,"10230691","0",2
140826,"10230695","0",1
140826,"10230699","0",6
140826,"10259555","0",1
140826,"10259607","0",4
140826,"10273321","0",16
140826,"10273322","0",50
140826,"10273323","0",10
140826,"10273324","0",20
140826,"10273325","0",5
140826,"10273326","0",108
140826,"10273328","0",7
140826,"10273329","0",8
140826,"10273391","0",3
140826,"10274781","0",1
140826,"10274786","0",1
140826,"10274788","0",2
140827,"10166869","0",4
140827,"10166870","0",14
140827,"10166871","0",19
140827,"10166872","0",20
140827,"10166874","0",2
140827,"10166877","0",1
140827,"10166881","0",10
140827,"10166882","0",20
140827,"10166885","0",5
140827,"10166886","0",1
140827,"10166888","0",1
140827,"10166890","0",18
140827,"10166891","0",55
140827,"10166892","0",13
140827,"10166893","0",8
140827,"10166894","0",12
140827,"10166899","0",3
140827,"10166900","0",13
140827,"10166901","0",15
140827,"10166902","0",42
140827,"10166903","0",80
140827,"10166905","0",6
140827,"10166906","0",1
140827,"10166907","0",1
140827,"10166908","0",34
140827,"10166909","0",22
140827,"10166910","0",22
140827,"10166911","0",116
140827,"10166912","0",9
140827,"10166913","0",1
140827,"10166914","0",13
140827,"10166915","0",2
140827,"10166917","0",177
140827,"10166918","0",63
140827,"10166919","0",7
140827,"10166920","0",1
140827,"10166923","0",2
140827,"10166925","0",14
140827,"10166926","0",90
140827,"10166927","0",6
140827,"10166928","0",94
140827,"10166929","0",16
140827,"10166931","0",1
140827,"10166934","0",4
140827,"10166935","0",7
140827,"10166936","0",13
140827,"10166937","0",14
140827,"10166938","0",6
140827,"10166939","0",2
140827,"10166940","0",1
140827,"10166943","0",4
140827,"10166944","0",1
140827,"10166945","0",1
140827,"10166946","0",1
140827,"10166947","0",23
140827,"10166948","0",16
140827,"10166949","0",90
140827,"10166950","0",4
140827,"10175932","0",8
140827,"10175933","0",8
140827,"10175934","0",3
140827,"10175935","0",3
140827,"10212918","0",1
140827,"10212921","0",1
140827,"10212924","0",26
140827,"10212927","0",2
140827,"10212933","0",1
140827,"10212937","0",1
140827,"10212938","0",5
140827,"10212939","0",1
140827,"10213024","0",4
140827,"10213025","0",3
140827,"10213272","0",1
140827,"10213273","0",1
140827,"10216956","0",39
140827,"10216957","0",5
140827,"10216959","0",14
140827,"10216960","0",1
140827,"10216961","0",1
140827,"10217051","0",3
140827,"10217052","0",1
140827,"10217053","0",16
140827,"10217055","0",2
140827,"10217056","0",142
140827,"10230644","0",1
140827,"10230654","0",5
140827,"10230655","0",9
140827,"10230659","0",74
140827,"10230661","0",1
140827,"10230686","0",3
140827,"10230687","0",2
140827,"10230688","0",1
140827,"10230691","0",1
140827,"10230699","0",14
140827,"10259555","0",1
140827,"10259607","0",6
140827,"10273321","0",16
140827,"10273322","0",57
140827,"10273323","0",8
140827,"10273324","0",21
140827,"10273325","0",3
140827,"10273326","0",86
140827,"10273328","0",7
140827,"10273329","0",8
140827,"10274780","0",1
140827,"10274788","0",1
140828,"10166869","0",4
140828,"10166870","0",22
140828,"10166871","0",17
140828,"10166872","0",31
140828,"10166873","0",2
140828,"10166874","0",4
140828,"10166877","0",1
140828,"10166881","0",4
140828,"10166882","0",8
140828,"10166884","0",1
140828,"10166885","0",3
140828,"10166886","0",2
140828,"10166890","0",6
140828,"10166891","0",49
140828,"10166892","0",7
140828,"10166893","0",11
140828,"10166894","0",13
140828,"10166896","0",1
140828,"10166899","0",1
140828,"10166900","0",5
140828,"10166901","0",30
140828,"10166902","0",49
140828,"10166903","0",66
140828,"10166905","0",3
140828,"10166906","0",2
140828,"10166908","0",17
140828,"10166909","0",24
140828,"10166910","0",24
140828,"10166911","0",102
140828,"10166912","0",9
140828,"10166914","0",6
140828,"10166915","0",1
140828,"10166917","0",151
140828,"10166918","0",56
140828,"10166919","0",13
140828,"10166920","0",5
140828,"10166925","0",24
140828,"10166926","0",63
140828,"10166927","0",3
140828,"10166928","0",83
140828,"10166929","0",25
140828,"10166930","0",5
140828,"10166931","0",1
140828,"10166933","0",4
140828,"10166934","0",1
140828,"10166935","0",119
140828,"10166936","0",22
140828,"10166937","0",14
140828,"10166938","0",6
140828,"10166939","0",9
140828,"10166942","0",1
140828,"10166943","0",6
140828,"10166944","0",2
140828,"10166945","0",1
140828,"10166947","0",19
140828,"10166948","0",13
140828,"10166949","0",96
140828,"10166950","0",5
140828,"10175931","0",1
140828,"10175932","0",1
140828,"10175933","0",8
140828,"10175934","0",2
140828,"10212919","0",1
140828,"10212924","0",14
140828,"10212927","0",1
140828,"10212937","0",1
140828,"10212938","0",7
140828,"10213024","0",9
140828,"10213025","0",6
140828,"10213272","0",1
140828,"10216956","0",35
140828,"10216957","0",11
140828,"10216959","0",6
140828,"10216961","0",1
140828,"10217051","0",3
140828,"10217052","0",1
140828,"10217053","0",40
140828,"10217055","0",6
140828,"10217056","0",154
140828,"10217058","0",1
140828,"10230644","0",1
140828,"10230655","0",8
140828,"10230659","0",102
140828,"10230661","0",6
140828,"10230686","0",7
140828,"10230687","0",3
140828,"10230688","0",2
140828,"10230691","0",6
140828,"10230697","0",1
140828,"10230699","0",11
140828,"10259607","0",1
140828,"10273321","0",11
140828,"10273322","0",30
140828,"10273323","0",6
140828,"10273324","0",11
140828,"10273325","0",3
140828,"10273326","0",51
140828,"10273328","0",4
140828,"10273329","0",9
140828,"10273391","0",2
140828,"10273392","0",2
140828,"10274786","0",1
140828,"10274788","0",2
140829,"10166869","0",9
140829,"10166870","0",18
140829,"10166871","0",18
140829,"10166872","0",22
140829,"10166881","0",8
140829,"10166882","0",17
140829,"10166885","0",2
140829,"10166888","0",1
140829,"10166889","0",3
140829,"10166890","0",10
140829,"10166891","0",38
140829,"10166892","0",3
140829,"10166893","0",11
140829,"10166894","0",7
140829,"10166899","0",1
140829,"10166900","0",6
140829,"10166901","0",24
140829,"10166902","0",48
140829,"10166903","0",67
140829,"10166904","0",2
140829,"10166905","0",4
140829,"10166907","0",1
140829,"10166908","0",24
140829,"10166909","0",14
140829,"10166910","0",17
140829,"10166911","0",67
140829,"10166912","0",5
140829,"10166914","0",14
140829,"10166915","0",3
140829,"10166917","0",143
140829,"10166918","0",49
140829,"10166919","0",3
140829,"10166920","0",4
140829,"10166923","0",1
140829,"10166925","0",45
140829,"10166926","0",69
140829,"10166927","0",5
140829,"10166928","0",92
140829,"10166929","0",25
140829,"10166930","0",3
140829,"10166931","0",1
140829,"10166934","0",1
140829,"10166935","0",9
140829,"10166936","0",17
140829,"10166937","0",15
140829,"10166938","0",6
140829,"10166939","0",10
140829,"10166940","0",2
140829,"10166943","0",2
140829,"10166944","0",2
140829,"10166945","0",1
140829,"10166946","0",1
140829,"10166947","0",26
140829,"10166948","0",15
140829,"10166949","0",59
140829,"10166950","0",9
140829,"10175929","0",1
140829,"10175931","0",4
140829,"10175932","0",15
140829,"10175933","0",5
140829,"10175934","0",2
140829,"10175935","0",1
140829,"10212921","0",1
140829,"10212924","0",10
140829,"10212925","0",1
140829,"10212927","0",3
140829,"10212937","0",5
140829,"10212938","0",6
140829,"10213024","0",8
140829,"10213025","0",8
140829,"10213273","0",1
140829,"10216956","0",35
140829,"10216957","0",3
140829,"10216959","0",7
140829,"10216960","0",1
140829,"10216961","0",1
140829,"10217051","0",4
140829,"10217052","0",1
140829,"10217053","0",16
140829,"10217055","0",7
140829,"10217056","0",95
140829,"10230644","0",2
140829,"10230654","0",2
140829,"10230655","0",7
140829,"10230658","0",1
140829,"10230659","0",83
140829,"10230661","0",1
140829,"10230686","0",4
140829,"10230687","0",3
140829,"10230688","0",2
140829,"10230691","0",3
140829,"10230699","0",12
140829,"10259607","0",1
140829,"10273321","0",12
140829,"10273322","0",11
140829,"10273323","0",4
140829,"10273324","0",4
140829,"10273325","0",1
140829,"10273326","0",31
140829,"10273328","0",7
140829,"10273329","0",5
140829,"10273391","0",1
140830,"10166869","0",5
140830,"10166870","0",15
140830,"10166871","0",16
140830,"10166872","0",18
140830,"10166874","0",1
140830,"10166881","0",14
140830,"10166882","0",14
140830,"10166885","0",1
140830,"10166890","0",8
140830,"10166891","0",21
140830,"10166892","0",12
140830,"10166893","0",9
140830,"10166894","0",6
140830,"10166896","0",1
140830,"10166899","0",1
140830,"10166900","0",5
140830,"10166901","0",17
140830,"10166902","0",36
140830,"10166903","0",44
140830,"10166905","0",5
140830,"10166907","0",1
140830,"10166908","0",17
140830,"10166909","0",13
140830,"10166910","0",21
140830,"10166911","0",90
140830,"10166912","0",12
140830,"10166914","0",8
140830,"10166915","0",3
140830,"10166917","0",134
140830,"10166918","0",39
140830,"10166919","0",6
140830,"10166925","0",50
140830,"10166926","0",44
140830,"10166927","0",10
140830,"10166928","0",59
140830,"10166929","0",17
140830,"10166930","0",1
140830,"10166931","0",1
140830,"10166934","0",2
140830,"10166935","0",11
140830,"10166936","0",7
140830,"10166937","0",12
140830,"10166938","0",7
140830,"10166939","0",9
140830,"10166940","0",2
140830,"10166942","0",1
140830,"10166943","0",2
140830,"10166945","0",1
140830,"10166947","0",13
140830,"10166948","0",12
140830,"10166949","0",70
140830,"10166950","0",9
140830,"10175931","0",2
140830,"10175932","0",6
140830,"10175933","0",3
140830,"10175934","0",2
140830,"10175935","0",2
140830,"10212924","0",9
140830,"10212927","0",1
140830,"10212930","0",2
140830,"10212937","0",3
140830,"10212938","0",4
140830,"10213024","0",9
140830,"10213025","0",1
140830,"10216956","0",31
140830,"10216957","0",6
140830,"10216959","0",8
140830,"10217051","0",3
140830,"10217053","0",10
140830,"10217055","0",3
140830,"10217056","0",83
140830,"10230647","0",1
140830,"10230654","0",1
140830,"10230655","0",3
140830,"10230659","0",75
140830,"10230661","0",5
140830,"10230686","0",5
140830,"10230691","0",1
140830,"10230699","0",10
140830,"10259607","0",4
140830,"10273321","0",3
140830,"10273322","0",6
140830,"10273323","0",4
140830,"10273324","0",1
140830,"10273325","0",1
140830,"10273326","0",27
140830,"10273328","0",3
140830,"10273329","0",2
140830,"10274779","0",1
140830,"10274780","0",1
140831,"10166869","0",5
140831,"10166870","0",28
140831,"10166871","0",11
140831,"10166872","0",26
140831,"10166874","0",2
140831,"10166877","0",1
140831,"10166881","0",5
140831,"10166882","0",6
140831,"10166885","0",2
140831,"10166889","0",2
140831,"10166890","0",6
140831,"10166891","0",41
140831,"10166892","0",8
140831,"10166893","0",9
140831,"10166894","0",9
140831,"10166896","0",2
140831,"10166899","0",1
140831,"10166900","0",7
140831,"10166901","0",19
140831,"10166902","0",52
140831,"10166903","0",48
140831,"10166904","0",1
140831,"10166905","0",2
140831,"10166907","0",1
140831,"10166908","0",22
140831,"10166909","0",18
140831,"10166910","0",26
140831,"10166911","0",84
140831,"10166912","0",5
140831,"10166913","0",1
140831,"10166914","0",7
140831,"10166917","0",138
140831,"10166918","0",51
140831,"10166919","0",8
140831,"10166920","0",2
140831,"10166925","0",30
140831,"10166926","0",48
140831,"10166927","0",9
140831,"10166928","0",74
140831,"10166929","0",25
140831,"10166934","0",1
140831,"10166935","0",4
140831,"10166936","0",3
140831,"10166937","0",9
140831,"10166938","0",4
140831,"10166939","0",6
140831,"10166942","0",1
140831,"10166944","0",4
140831,"10166945","0",1
140831,"10166947","0",18
140831,"10166948","0",6
140831,"10166949","0",53
140831,"10166950","0",4
140831,"10175931","0",2
140831,"10175932","0",5
140831,"10175933","0",5
140831,"10175934","0",2
140831,"10175935","0",4
140831,"10212921","0",1
140831,"10212924","0",13
140831,"10212927","0",2
140831,"10212928","0",1
140831,"10212937","0",1
140831,"10212938","0",8
140831,"10213024","0",5
140831,"10213025","0",4
140831,"10213272","0",2
140831,"10216956","0",36
140831,"10216957","0",4
140831,"10216959","0",10
140831,"10216960","0",1
140831,"10217051","0",4
140831,"10217053","0",27
140831,"10217055","0",5
140831,"10217056","0",95
140831,"10230647","0",1
140831,"10230655","0",13
140831,"10230659","0",144
140831,"10230661","0",2
140831,"10230686","0",4
140831,"10230687","0",1
140831,"10230688","0",1
140831,"10230697","0",1
140831,"10230699","0",18
140831,"10259607","0",7
140831,"10273321","0",4
140831,"10273322","0",9
140831,"10273323","0",3
140831,"10273324","0",1
140831,"10273326","0",16
140831,"10273328","0",3
140831,"10273329","0",6
140831,"10273391","0",1
140831,"10274788","0",1
