140801,"1","0",14
140801,"26536","7207552",49897
140801,"27853","10375044",1
140801,"27853","10375048",10
140801,"27853","9967226",1
140801,"27853","9967229",8
140801,"27853","9967237",3
140801,"27853","9967252",1
140801,"27853","9967255",3
140801,"27853","9967257",1
140801,"27853","9993590",2
140801,"27853","9993597",1
140801,"33029","10270956",1
140801,"37344","10019073",2
140801,"37344","10019075",2
140801,"37344","10291671",3
140801,"37344","10291676",6
140801,"37344","10291678",5
140801,"37344","10291713",6
140801,"37344","10291860",4
140801,"37344","10495716",2
140801,"37344","10526824",1
140801,"37344","9743736",2
140801,"37344","9825174",1
140801,"37344","9975914",1
140801,"37344","9975915",3
140801,"37344","9975916",9
140801,"39858","9967632",6
140801,"4","0",18
140801,"43156","10021828",1
140801,"43156","10243966",6
140801,"43156","10429849",5
140801,"43156","10430095",14
140801,"43156","10513732",1
140801,"43156","10568890",1
140801,"43156","9975569",3
140801,"43156","9975766",3
140801,"44288","10345889",2
140801,"44288","10345892",2
140801,"44288","10345895",1
140801,"49499","9787360",2
140801,"49864","10402862",1
140801,"49864","10402916",2
140801,"49864","9788450",1
140801,"49864","9788454",1
140801,"49864","9891918",3
140801,"49864","9929589",1
140801,"49864","9929590",2
140801,"49864","9947389",8
140801,"49864","9947392",2
140801,"49864","9947404",1
140801,"49864","9947406",1
140801,"49864","9947408",3
140801,"49864","9947413",1
140801,"49864","9947469",1
140801,"49864","9947473",3
140801,"49864","9967640",1
140801,"49864","9967641",3
140801,"49864","9967643",1
140801,"49864","9967645",4
140801,"49864","9967646",7
140801,"49864","9967647",1
140801,"49864","9967649",2
140801,"49976","10346900",9
140801,"49976","10346978",2
140801,"49976","10346983",8
140801,"49976","10384424",2
140801,"49976","10384426",4
140801,"49976","10384427",7
140801,"66166","10061854",1
140801,"66166","10375068",5
140801,"66166","10404867",1
140801,"66166","9957066",3
140801,"66166","9957078",2
140801,"66166","9957098",2
140801,"70689","9930831",2
140801,"70689","9930848",1
140801,"70689","9930851",1
140801,"70689","9930858",1
140801,"70689","9967616",4
140801,"70689","9967621",1
140801,"70689","9967625",2
140801,"70689","9967626",4
140801,"74239","9964903",3
140801,"74239","9964904",42
140801,"74239","9964905",3
140801,"74239","9964906",5
140801,"74239","9964907",15
140801,"76072","8406594",16284
140801,"82753","10031554",23
140801,"82753","10402834",2
140801,"87632","9664497",1
140801,"89424","10430130",1
140801,"89424","10430243",2
140801,"89424","10430249",1
140801,"89424","10430325",1
140801,"89424","10430526",1
140801,"89424","9984724",4
140801,"89424","9984823",1
140801,"89424","9984843",2
140802,"1","0",18
140802,"26536","7207552",38091
140802,"27853","10061889",1
140802,"27853","10375044",1
140802,"27853","10375048",5
140802,"27853","10375052",2
140802,"27853","9967229",9
140802,"27853","9967231",1
140802,"27853","9967237",5
140802,"27853","9967255",2
140802,"27853","9967269",1
140802,"27853","9993590",1
140802,"33029","9957494",1
140802,"33029","9957662",1
140802,"33029","9983312",1
140802,"37344","10019074",4
140802,"37344","10019075",1
140802,"37344","10291671",1
140802,"37344","10291676",4
140802,"37344","10291678",3
140802,"37344","10291689",1
140802,"37344","10291696",1
140802,"37344","10291833",1
140802,"37344","10291860",1
140802,"37344","10291929",1
140802,"37344","10495716",1
140802,"37344","10495717",2
140802,"37344","10526807",1
140802,"37344","10526808",1
140802,"37344","10526809",2
140802,"37344","10526812",2
140802,"37344","10526814",2
140802,"37344","10526815",1
140802,"37344","10526816",1
140802,"37344","10526817",1
140802,"37344","10526818",3
140802,"37344","10526820",1
140802,"37344","10526833",2
140802,"37344","9743735",4
140802,"37344","9743736",2
140802,"37344","9743752",1
140802,"37344","9975915",3
140802,"37344","9975916",16
140802,"39858","10402853",1
140802,"39858","10402902",1
140802,"39858","9939862",1
140802,"39858","9939866",1
140802,"39858","9967632",3
140802,"4","0",11
140802,"43156","10243966",2
140802,"43156","10430095",12
140802,"43156","9975569",1
140802,"49499","9787360",15
140802,"49864","9788447",1
140802,"49864","9788452",1
140802,"49864","9929585",1
140802,"49864","9929586",1
140802,"49864","9929587",1
140802,"49864","9929589",1
140802,"49864","9929590",5
140802,"49864","9929591",1
140802,"49864","9947404",5
140802,"49864","9947407",1
140802,"49864","9947408",3
140802,"49864","9947409",1
140802,"49864","9947471",3
140802,"49864","9947473",1
140802,"49864","9947474",3
140802,"49864","9947477",1
140802,"49864","9967642",1
140802,"49864","9967643",1
140802,"49864","9967645",6
140802,"49864","9967646",5
140802,"49976","10346900",4
140802,"49976","10346983",12
140802,"49976","10384424",2
140802,"49976","10384425",3
140802,"49976","10384426",5
140802,"66166","10375068",3
140802,"66166","10404847",1
140802,"66166","10404954",1
140802,"66166","10405028",1
140802,"66166","10412390",1
140802,"66166","9957066",1
140802,"66166","9957073",1
140802,"66166","9957078",8
140802,"66166","9957080",1
140802,"66166","9957108",1
140802,"66166","9993647",1
140802,"70689","9930831",1
140802,"70689","9930846",1
140802,"70689","9930858",2
140802,"70689","9967621",6
140802,"70689","9967626",1
140802,"74239","9964903",5
140802,"74239","9964904",47
140802,"74239","9964905",4
140802,"74239","9964906",6
140802,"74239","9964907",19
140802,"76072","8406594",15765
140802,"82753","10031554",11
140802,"82753","10402834",1
140802,"89424","10020254",2
140802,"89424","10115066",1
140802,"89424","10393561",1
140802,"89424","10393574",2
140802,"89424","10393586",2
140802,"89424","10430427",2
140802,"89424","9984730",1
140802,"89424","9984823",1
140803,"1","0",13
140803,"26536","7207552",28711
140803,"27853","10375044",15
140803,"27853","10375048",10
140803,"27853","10375051",1
140803,"27853","9967229",9
140803,"27853","9967237",5
140803,"27853","9967255",1
140803,"27853","9993598",2
140803,"28950","9787363",1
140803,"33029","10286270",1
140803,"33029","9957597",2
140803,"33029","9983279",1
140803,"33029","9983312",1
140803,"37344","10019074",3
140803,"37344","10019075",3
140803,"37344","10291676",3
140803,"37344","10291678",1
140803,"37344","10291860",1
140803,"37344","10291920",1
140803,"37344","10526809",2
140803,"37344","10526816",1
140803,"37344","10526817",1
140803,"37344","10526818",1
140803,"37344","10526822",2
140803,"37344","10526823",1
140803,"37344","10526824",3
140803,"37344","10526825",2
140803,"37344","10526826",1
140803,"37344","10526828",2
140803,"37344","10526831",1
140803,"37344","9743736",1
140803,"37344","9743747",1
140803,"37344","9975915",6
140803,"37344","9975916",9
140803,"39858","9939795",1
140803,"39858","9939823",2
140803,"39858","9939835",1
140803,"39858","9939866",1
140803,"39858","9967632",1
140803,"39858","9967634",1
140803,"4","0",23
140803,"43156","10430095",3
140803,"43156","9975569",1
140803,"49499","9787360",8
140803,"49864","10402916",1
140803,"49864","9648926",1
140803,"49864","9648927",4
140803,"49864","9788449",1
140803,"49864","9929584",1
140803,"49864","9929585",3
140803,"49864","9929588",1
140803,"49864","9929589",3
140803,"49864","9929593",7
140803,"49864","9947388",1
140803,"49864","9947389",6
140803,"49864","9947391",5
140803,"49864","9947393",2
140803,"49864","9947402",2
140803,"49864","9947404",3
140803,"49864","9947408",9
140803,"49864","9947472",1
140803,"49864","9947473",2
140803,"49864","9947477",1
140803,"49864","9947478",1
140803,"49864","9967641",1
140803,"49864","9967644",1
140803,"49864","9967645",4
140803,"49864","9967646",3
140803,"49976","10346900",7
140803,"49976","10346978",7
140803,"49976","10346983",9
140803,"49976","10384424",3
140803,"49976","10384425",6
140803,"49976","10384426",21
140803,"49976","10384427",7
140803,"66166","10375063",2
140803,"66166","10375068",4
140803,"66166","10404791",2
140803,"66166","10405033",1
140803,"66166","9957066",5
140803,"66166","9957078",14
140803,"66166","9957098",2
140803,"66166","9957100",1
140803,"66166","9957102",1
140803,"66166","9957108",1
140803,"66166","9993646",1
140803,"66166","9993647",1
140803,"70689","10012269",1
140803,"70689","9639160",1
140803,"70689","9639196",1
140803,"70689","9639197",1
140803,"70689","9930848",4
140803,"70689","9930851",2
140803,"70689","9967623",1
140803,"70689","9967627",1
140803,"74239","9964903",10
140803,"74239","9964904",53
140803,"74239","9964905",20
140803,"74239","9964906",12
140803,"74239","9964907",18
140803,"76072","8406594",16189
140803,"82753","10031554",17
140803,"89424","10393543",1
140803,"89424","10393561",2
140803,"89424","10430526",1
140803,"89424","9974534",1
140803,"89424","9984709",1
140804,"1","0",10
140804,"26536","7207552",31668
140804,"27853","10061889",1
140804,"27853","10375044",1
140804,"27853","10375048",4
140804,"27853","10375052",1
140804,"27853","10530215",1
140804,"27853","9967226",1
140804,"27853","9967227",2
140804,"27853","9967229",9
140804,"27853","9967237",6
140804,"27853","9967252",1
140804,"27853","9967255",2
140804,"27853","9967269",1
140804,"27853","9993587",1
140804,"27853","9993589",1
140804,"27853","9993590",1
140804,"27853","9993598",3
140804,"33029","10286260",1
140804,"33029","10286270",3
140804,"33029","9957597",1
140804,"33029","9983271",4
140804,"37344","10019074",4
140804,"37344","10019075",6
140804,"37344","10291671",4
140804,"37344","10291676",10
140804,"37344","10291678",5
140804,"37344","10291689",1
140804,"37344","10291860",1
140804,"37344","10291869",3
140804,"37344","10495716",4
140804,"37344","10495717",2
140804,"37344","10526809",3
140804,"37344","10526813",3
140804,"37344","10526817",1
140804,"37344","10526820",1
140804,"37344","10526823",1
140804,"37344","10526824",1
140804,"37344","10526825",2
140804,"37344","10526826",2
140804,"37344","10526828",1
140804,"37344","10526829",2
140804,"37344","10526833",1
140804,"37344","9743736",2
140804,"37344","9743747",1
140804,"37344","9975914",1
140804,"37344","9975915",3
140804,"37344","9975916",22
140804,"39858","10402850",1
140804,"39858","9939853",2
140804,"39858","9967632",1
140804,"4","0",17
140804,"43156","10430095",4
140804,"43156","10513385",2
140804,"44288","10345888",1
140804,"44288","10345892",1
140804,"44288","10345895",1
140804,"49499","10010929",1
140804,"49499","9787360",13
140804,"49864","10402916",2
140804,"49864","9648925",1
140804,"49864","9648982",1
140804,"49864","9788448",1
140804,"49864","9788449",1
140804,"49864","9788452",3
140804,"49864","9929585",1
140804,"49864","9929589",5
140804,"49864","9947388",3
140804,"49864","9947389",4
140804,"49864","9947390",1
140804,"49864","9947392",8
140804,"49864","9947396",2
140804,"49864","9947404",3
140804,"49864","9947407",1
140804,"49864","9947408",4
140804,"49864","9947409",1
140804,"49864","9947470",1
140804,"49864","9947471",2
140804,"49864","9947474",1
140804,"49864","9947478",3
140804,"49864","9967642",5
140804,"49864","9967643",1
140804,"49864","9967645",5
140804,"49864","9967646",3
140804,"49864","9967647",3
140804,"49976","10346900",2
140804,"49976","10346978",4
140804,"49976","10346983",3
140804,"49976","10384424",2
140804,"49976","10384426",4
140804,"49976","10384427",2
140804,"66166","10375068",5
140804,"66166","9957066",1
140804,"66166","9957076",1
140804,"66166","9957078",6
140804,"66166","9957079",1
140804,"66166","9957080",2
140804,"66166","9957098",5
140804,"66166","9957100",1
140804,"66166","9993646",2
140804,"70689","10225491",1
140804,"70689","9639196",1
140804,"70689","9639197",1
140804,"70689","9930847",2
140804,"70689","9930851",1
140804,"70689","9930852",2
140804,"70689","9967625",1
140804,"70689","9967626",4
140804,"74019","8917458",1
140804,"74239","9964903",3
140804,"74239","9964904",80
140804,"74239","9964905",13
140804,"74239","9964906",10
140804,"74239","9964907",18
140804,"76072","8406594",24027
140804,"82753","10031554",18
140804,"82753","10402834",5
140804,"89424","10393561",3
140804,"89424","10393586",4
140804,"89424","10430109",1
140804,"89424","10430326",1
140804,"89424","10513259",4
140804,"89424","10513280",5
140804,"89424","10513286",5
140804,"89424","10513291",1
140804,"89424","9984709",1
140804,"89424","9984823",1
140804,"89424","9984825",4
140805,"1","0",12
140805,"26536","7207552",31703
140805,"27848","9766308",1
140805,"27853","10061889",3
140805,"27853","10375044",1
140805,"27853","10375047",1
140805,"27853","10375048",9
140805,"27853","10375050",2
140805,"27853","10375052",1
140805,"27853","10375053",1
140805,"27853","9967229",8
140805,"27853","9967231",1
140805,"27853","9967237",2
140805,"27853","9967252",2
140805,"27853","9967255",2
140805,"27853","9993589",3
140805,"30768","7652508",1
140805,"33029","10598687",1
140805,"37344","10019074",2
140805,"37344","10019075",1
140805,"37344","10291676",7
140805,"37344","10291678",6
140805,"37344","10291689",1
140805,"37344","10291713",1
140805,"37344","10495716",2
140805,"37344","10495717",1
140805,"37344","10526807",1
140805,"37344","10526809",5
140805,"37344","10526811",1
140805,"37344","10526813",1
140805,"37344","10526814",1
140805,"37344","10526816",1
140805,"37344","10526820",1
140805,"37344","10526823",1
140805,"37344","10526824",1
140805,"37344","10526828",2
140805,"37344","10526830",1
140805,"37344","10526831",1
140805,"37344","9743735",1
140805,"37344","9743736",2
140805,"37344","9743747",1
140805,"37344","9975915",1
140805,"37344","9975916",9
140805,"39858","9967632",1
140805,"4","0",16
140805,"43156","10243966",2
140805,"43156","10430095",3
140805,"43156","9975569",1
140805,"44288","10345895",1
140805,"49499","9787360",11
140805,"49864","10402920",1
140805,"49864","9648924",2
140805,"49864","9648925",1
140805,"49864","9788452",3
140805,"49864","9788454",1
140805,"49864","9929585",1
140805,"49864","9929587",1
140805,"49864","9929588",1
140805,"49864","9929589",2
140805,"49864","9947389",7
140805,"49864","9947391",3
140805,"49864","9947402",2
140805,"49864","9947404",3
140805,"49864","9947405",1
140805,"49864","9947408",6
140805,"49864","9947412",2
140805,"49864","9947473",2
140805,"49864","9947474",1
140805,"49864","9967642",1
140805,"49864","9967643",3
140805,"49864","9967645",3
140805,"49864","9967646",3
140805,"49864","9967650",1
140805,"49976","10346900",10
140805,"49976","10346978",7
140805,"49976","10346983",9
140805,"49976","10384424",2
140805,"49976","10384425",2
140805,"49976","10384426",5
140805,"49976","10384427",8
140805,"66166","10375068",3
140805,"66166","10404774",1
140805,"66166","9957073",1
140805,"66166","9957078",11
140805,"66166","9957080",1
140805,"66166","9957098",1
140805,"66166","9957101",1
140805,"66166","9957108",1
140805,"66166","9993647",2
140805,"70689","10613526",1
140805,"70689","9816609",1
140805,"70689","9930848",1
140805,"70689","9967616",1
140805,"70689","9967626",3
140805,"74019","8917449",1
140805,"74239","9964903",7
140805,"74239","9964904",84
140805,"74239","9964905",23
140805,"74239","9964906",9
140805,"74239","9964907",22
140805,"76072","8406594",20461
140805,"82753","10031554",33
140805,"82753","10402834",1
140805,"89424","10393543",1
140805,"89424","10393574",1
140805,"89424","10393586",3
140805,"89424","10430243",2
140805,"89424","10430244",1
140805,"89424","10430332",1
140805,"89424","10513259",1
140805,"89424","10513266",2
140805,"89424","10513277",2
140805,"89424","10513280",4
140805,"89424","10513286",1
140805,"89424","10513290",2
140805,"89424","9984823",2
140806,"1","0",15
140806,"26536","7207552",33976
140806,"27853","10375048",6
140806,"27853","10375052",2
140806,"27853","10613610",4
140806,"27853","10613612",1
140806,"27853","9967218",1
140806,"27853","9967229",11
140806,"27853","9967236",1
140806,"27853","9967255",2
140806,"27853","9993584",1
140806,"27853","9993589",1
140806,"30769","9572650",1
140806,"33029","10613917",1
140806,"33029","9983312",1
140806,"37344","10019073",4
140806,"37344","10019074",5
140806,"37344","10019075",5
140806,"37344","10291671",5
140806,"37344","10291676",8
140806,"37344","10291713",1
140806,"37344","10291833",1
140806,"37344","10291860",2
140806,"37344","10495716",2
140806,"37344","10495717",1
140806,"37344","10526809",17
140806,"37344","10526812",2
140806,"37344","10526814",3
140806,"37344","10526817",1
140806,"37344","10526819",1
140806,"37344","10526820",1
140806,"37344","10526825",1
140806,"37344","10526827",1
140806,"37344","10526828",1
140806,"37344","10526830",2
140806,"37344","9743736",2
140806,"37344","9743747",2
140806,"37344","9743752",2
140806,"37344","9975914",3
140806,"37344","9975915",3
140806,"37344","9975916",15
140806,"39858","10402902",1
140806,"39858","9939835",1
140806,"39858","9939866",1
140806,"39858","9967632",2
140806,"4","0",16
140806,"43156","10021828",1
140806,"43156","10200518",1
140806,"43156","10430095",2
140806,"44288","10345890",4
140806,"44288","10345895",1
140806,"49499","9787360",4
140806,"49864","10402916",2
140806,"49864","10402920",3
140806,"49864","9648924",1
140806,"49864","9788450",1
140806,"49864","9788452",1
140806,"49864","9929586",1
140806,"49864","9929589",3
140806,"49864","9929590",2
140806,"49864","9947387",1
140806,"49864","9947388",1
140806,"49864","9947389",3
140806,"49864","9947391",3
140806,"49864","9947392",2
140806,"49864","9947393",2
140806,"49864","9947402",1
140806,"49864","9947404",5
140806,"49864","9947405",1
140806,"49864","9947408",1
140806,"49864","9947409",2
140806,"49864","9947412",1
140806,"49864","9947469",1
140806,"49864","9947470",4
140806,"49864","9947471",4
140806,"49864","9947473",1
140806,"49864","9947475",1
140806,"49864","9947479",1
140806,"49864","9967642",5
140806,"49864","9967643",4
140806,"49864","9967645",1
140806,"49864","9967646",2
140806,"49864","9967647",1
140806,"49864","9967651",1
140806,"49976","10346900",12
140806,"49976","10346978",11
140806,"49976","10346983",9
140806,"49976","10384424",5
140806,"49976","10384425",5
140806,"49976","10384426",15
140806,"49976","10384427",16
140806,"66166","10375066",1
140806,"66166","10375068",1
140806,"66166","10404938",1
140806,"66166","10405033",1
140806,"66166","10530238",1
140806,"66166","9957078",9
140806,"66166","9957080",1
140806,"66166","9957100",1
140806,"66166","9957108",1
140806,"66166","9993646",5
140806,"70689","10613528",3
140806,"70689","10613529",1
140806,"70689","10613530",6
140806,"70689","10613531",2
140806,"70689","9639160",1
140806,"70689","9816614",1
140806,"70689","9930835",1
140806,"70689","9930836",1
140806,"70689","9930854",1
140806,"70689","9930864",1
140806,"70689","9930872",1
140806,"70689","9967612",4
140806,"70689","9967625",1
140806,"74019","8917449",4
140806,"74239","9964903",17
140806,"74239","9964904",117
140806,"74239","9964905",14
140806,"74239","9964906",12
140806,"74239","9964907",27
140806,"76072","8406594",19509
140806,"82753","10031554",45
140806,"82753","10402834",5
140806,"82753","10613532",2
140806,"82753","10613533",1
140806,"89424","10115066",1
140806,"89424","10393543",3
140806,"89424","10393573",1
140806,"89424","10430429",1
140806,"89424","10513266",1
140806,"89424","10513286",1
140806,"89424","9974541",1
140806,"89424","9984843",1
140807,"1","0",11
140807,"26536","7207552",38198
140807,"27848","9766308",2
140807,"27853","10375044",2
140807,"27853","10375048",5
140807,"27853","10530207",1
140807,"27853","10613604",1
140807,"27853","10613610",9
140807,"27853","9967226",3
140807,"27853","9967229",9
140807,"27853","9967237",7
140807,"27853","9967255",1
140807,"27853","9967269",1
140807,"27853","9993590",1
140807,"33029","10286270",1
140807,"33029","10598687",2
140807,"33029","10613913",1
140807,"33029","9957597",1
140807,"37344","10019074",1
140807,"37344","10019075",1
140807,"37344","10291671",1
140807,"37344","10291676",6
140807,"37344","10291759",2
140807,"37344","10291800",1
140807,"37344","10291860",3
140807,"37344","10495716",2
140807,"37344","10495717",1
140807,"37344","10526807",2
140807,"37344","10526809",4
140807,"37344","10526813",1
140807,"37344","10526814",2
140807,"37344","10526822",1
140807,"37344","10526824",5
140807,"37344","10526829",1
140807,"37344","10526830",6
140807,"37344","9743735",2
140807,"37344","9743736",3
140807,"37344","9975914",2
140807,"37344","9975915",1
140807,"37344","9975916",9
140807,"39858","9939825",1
140807,"39858","9939866",3
140807,"4","0",12
140807,"43156","10430095",5
140807,"43156","9975569",5
140807,"44288","10345890",2
140807,"44288","10345895",1
140807,"44288","10345898",1
140807,"49499","9787360",7
140807,"49864","10402869",1
140807,"49864","10402916",4
140807,"49864","10402920",1
140807,"49864","9929584",1
140807,"49864","9929586",1
140807,"49864","9929589",5
140807,"49864","9947389",8
140807,"49864","9947391",5
140807,"49864","9947393",1
140807,"49864","9947394",1
140807,"49864","9947396",1
140807,"49864","9947404",6
140807,"49864","9947405",6
140807,"49864","9947408",6
140807,"49864","9947412",1
140807,"49864","9947470",3
140807,"49864","9967643",1
140807,"49864","9967645",5
140807,"49864","9967646",3
140807,"49864","9967651",1
140807,"49976","10346900",9
140807,"49976","10346978",5
140807,"49976","10346983",7
140807,"49976","10384424",2
140807,"49976","10384425",2
140807,"49976","10384426",3
140807,"49976","10384427",4
140807,"66166","10375063",1
140807,"66166","10375068",6
140807,"66166","10613630",5
140807,"66166","10613640",1
140807,"66166","9957066",2
140807,"66166","9957076",1
140807,"66166","9957078",8
140807,"66166","9957079",1
140807,"66166","9957102",1
140807,"66166","9957108",1
140807,"70689","10613526",1
140807,"70689","10613528",3
140807,"70689","10613530",8
140807,"70689","10613531",3
140807,"70689","9639160",1
140807,"70689","9639167",1
140807,"70689","9930851",2
140807,"70689","9930864",1
140807,"70689","9967625",1
140807,"70689","9967626",2
140807,"74019","8917449",4
140807,"74019","8917458",2
140807,"74239","9964903",13
140807,"74239","9964904",49
140807,"74239","9964905",9
140807,"74239","9964906",5
140807,"74239","9964907",12
140807,"76072","8406594",19793
140807,"82753","10031554",23
140807,"82753","10402834",4
140807,"82753","10613532",4
140807,"82753","10613533",1
140807,"87632","9664413",1
140807,"89424","10020254",1
140807,"89424","10393574",1
140807,"89424","10393586",2
140807,"89424","10430130",1
140807,"89424","10430225",1
140807,"89424","10430463",2
140807,"89424","10513259",2
140807,"89424","10513286",2
140807,"89424","9974534",3
140807,"89424","9984724",1
140807,"89424","9984825",2
140807,"89424","9984843",1
140807,"89424","9984844",2
140808,"1","0",4
140808,"26536","7207552",27610
140808,"27848","9766308",1
140808,"27853","10375048",4
140808,"27853","10375053",1
140808,"27853","10613610",4
140808,"27853","10613612",1
140808,"27853","9967229",6
140808,"27853","9967237",2
140808,"27853","9967255",2
140808,"27853","9967269",1
140808,"33029","10613917",1
140808,"33029","9957597",1
140808,"37344","10019073",2
140808,"37344","10019074",3
140808,"37344","10019075",25
140808,"37344","10291671",1
140808,"37344","10291676",11
140808,"37344","10291678",2
140808,"37344","10495716",3
140808,"37344","10526809",4
140808,"37344","10526810",1
140808,"37344","10526816",2
140808,"37344","10526817",2
140808,"37344","10526824",2
140808,"37344","10526828",1
140808,"37344","10526829",5
140808,"37344","10526830",1
140808,"37344","10526831",3
140808,"37344","10526832",3
140808,"37344","9743735",1
140808,"37344","9743736",1
140808,"37344","9743747",2
140808,"37344","9975914",1
140808,"37344","9975915",5
140808,"37344","9975916",13
140808,"39858","9939835",1
140808,"39858","9967636",1
140808,"4","0",22
140808,"43156","10021828",1
140808,"43156","10243966",8
140808,"43156","10430095",9
140808,"43156","9975569",1
140808,"49499","9787360",12
140808,"49864","9648924",1
140808,"49864","9788450",2
140808,"49864","9929586",6
140808,"49864","9929589",2
140808,"49864","9929590",4
140808,"49864","9929592",1
140808,"49864","9947388",2
140808,"49864","9947389",3
140808,"49864","9947390",2
140808,"49864","9947404",4
140808,"49864","9947408",7
140808,"49864","9947410",1
140808,"49864","9947413",5
140808,"49864","9947472",1
140808,"49864","9947475",5
140808,"49864","9967642",2
140808,"49864","9967643",7
140808,"49864","9967645",2
140808,"49864","9967646",9
140808,"49864","9967647",4
140808,"49976","10346900",1
140808,"49976","10346978",4
140808,"49976","10346983",10
140808,"49976","10384424",1
140808,"49976","10384425",3
140808,"49976","10384426",11
140808,"49976","10384427",3
140808,"66166","10375068",3
140808,"66166","10404938",1
140808,"66166","10530245",1
140808,"66166","10601383",1
140808,"66166","10613624",2
140808,"66166","10613630",1
140808,"66166","9957066",2
140808,"66166","9957073",1
140808,"66166","9957076",1
140808,"66166","9957078",5
140808,"66166","9957106",1
140808,"66166","9957108",3
140808,"66166","9957109",1
140808,"70689","10613526",3
140808,"70689","10613528",2
140808,"70689","10613530",16
140808,"70689","10613531",8
140808,"70689","9816616",1
140808,"70689","9930848",2
140808,"70689","9930899",1
140808,"70689","9967613",1
140808,"74019","8917449",2
140808,"74019","8917458",1
140808,"74239","9964904",46
140808,"74239","9964905",9
140808,"74239","9964906",13
140808,"74239","9964907",11
140808,"76072","8406594",16861
140808,"82753","10031554",19
140808,"82753","10402834",4
140808,"82753","10613532",5
140808,"82753","10613533",2
140808,"87632","9664497",1
140808,"89424","10393561",1
140808,"89424","10393573",2
140808,"89424","10393586",1
140808,"89424","10430431",1
140808,"89424","10513280",1
140808,"89424","10513286",1
140809,"1","0",18
140809,"26536","7207552",31477
140809,"27853","10375048",5
140809,"27853","10375052",2
140809,"27853","10530223",1
140809,"27853","10592722",1
140809,"27853","10613604",2
140809,"27853","10613610",10
140809,"27853","10613612",1
140809,"27853","10613614",1
140809,"27853","10613620",1
140809,"27853","9967226",2
140809,"27853","9967227",1
140809,"27853","9967229",9
140809,"27853","9967237",2
140809,"27853","9967255",3
140809,"37344","10019074",1
140809,"37344","10019075",4
140809,"37344","10291676",2
140809,"37344","10291678",2
140809,"37344","10291759",1
140809,"37344","10291860",2
140809,"37344","10291869",1
140809,"37344","10291906",1
140809,"37344","10495716",1
140809,"37344","10526806",1
140809,"37344","10526807",1
140809,"37344","10526808",1
140809,"37344","10526809",1
140809,"37344","10526813",2
140809,"37344","10526814",5
140809,"37344","10526815",1
140809,"37344","10526817",1
140809,"37344","10526822",1
140809,"37344","10526825",3
140809,"37344","10526830",3
140809,"37344","10526831",1
140809,"37344","10526833",2
140809,"37344","10598693",1
140809,"37344","9743736",1
140809,"37344","9743747",2
140809,"37344","9975914",1
140809,"37344","9975915",5
140809,"37344","9975916",5
140809,"39858","9939804",2
140809,"39858","9967632",1
140809,"4","0",15
140809,"43156","10243966",1
140809,"43156","10430095",2
140809,"49499","9787360",5
140809,"49864","10402916",1
140809,"49864","10402920",8
140809,"49864","9788451",1
140809,"49864","9929589",9
140809,"49864","9929590",1
140809,"49864","9929593",1
140809,"49864","9947388",3
140809,"49864","9947389",4
140809,"49864","9947390",1
140809,"49864","9947391",2
140809,"49864","9947392",7
140809,"49864","9947393",1
140809,"49864","9947397",2
140809,"49864","9947404",6
140809,"49864","9947405",2
140809,"49864","9947406",1
140809,"49864","9947408",4
140809,"49864","9947412",4
140809,"49864","9947469",2
140809,"49864","9947474",1
140809,"49864","9947478",2
140809,"49864","9967642",1
140809,"49864","9967643",3
140809,"49864","9967645",3
140809,"49864","9967646",3
140809,"49864","9967647",3
140809,"49864","9967648",1
140809,"49864","9967651",2
140809,"49976","10346900",4
140809,"49976","10346978",4
140809,"49976","10346983",11
140809,"49976","10384425",1
140809,"49976","10384426",8
140809,"49976","10384427",5
140809,"66166","10375068",7
140809,"66166","10404791",1
140809,"66166","10412379",1
140809,"66166","10592734",1
140809,"66166","10613628",2
140809,"66166","10613630",2
140809,"66166","10613640",2
140809,"66166","9957066",2
140809,"66166","9957076",2
140809,"66166","9957078",5
140809,"66166","9957098",1
140809,"66166","9957108",1
140809,"70689","10613526",1
140809,"70689","10613527",2
140809,"70689","10613529",1
140809,"70689","10613530",3
140809,"70689","10613531",12
140809,"70689","9816654",4
140809,"70689","9930839",3
140809,"70689","9967625",1
140809,"74239","9964903",3
140809,"74239","9964904",54
140809,"74239","9964905",7
140809,"74239","9964906",7
140809,"74239","9964907",11
140809,"76072","8406594",16875
140809,"82753","10031554",10
140809,"82753","10613532",6
140809,"82753","10613533",1
140809,"89424","10010911",2
140809,"89424","10393574",2
140809,"89424","10430125",1
140809,"89424","10430138",1
140809,"89424","10430429",1
140809,"89424","10430463",4
140809,"89424","9984708",2
140809,"89424","9984825",1
140810,"1","0",13
140810,"26536","7207552",34209
140810,"27853","10061889",2
140810,"27853","10375044",2
140810,"27853","10375047",1
140810,"27853","10375048",10
140810,"27853","10530207",2
140810,"27853","10613604",6
140810,"27853","10613610",8
140810,"27853","10613612",1
140810,"27853","10613614",1
140810,"27853","10613620",3
140810,"27853","9967227",1
140810,"27853","9967229",12
140810,"27853","9967237",1
140810,"27853","9967252",1
140810,"30768","7652508",1
140810,"33029","10598687",1
140810,"33029","10613913",1
140810,"33029","10613915",2
140810,"33029","10613917",2
140810,"33029","9957597",1
140810,"33029","9957684",1
140810,"37344","10019074",3
140810,"37344","10019075",4
140810,"37344","10291671",2
140810,"37344","10291676",2
140810,"37344","10291689",1
140810,"37344","10495716",4
140810,"37344","10526806",1
140810,"37344","10526807",2
140810,"37344","10526808",1
140810,"37344","10526809",1
140810,"37344","10526810",1
140810,"37344","10526811",2
140810,"37344","10526813",1
140810,"37344","10526814",1
140810,"37344","10526818",1
140810,"37344","10526821",1
140810,"37344","10526822",2
140810,"37344","10526824",2
140810,"37344","10526827",1
140810,"37344","10526830",2
140810,"37344","10526831",1
140810,"37344","10526832",1
140810,"37344","10598690",1
140810,"37344","10598692",1
140810,"37344","10598693",2
140810,"37344","9743735",2
140810,"37344","9743736",2
140810,"37344","9975914",4
140810,"37344","9975915",1
140810,"37344","9975916",13
140810,"39858","9939834",2
140810,"4","0",30
140810,"43156","10430095",5
140810,"44288","10345889",2
140810,"44288","10345890",1
140810,"49499","9787360",10
140810,"49864","10402920",1
140810,"49864","9648928",1
140810,"49864","9788450",1
140810,"49864","9788452",2
140810,"49864","9891919",1
140810,"49864","9929586",1
140810,"49864","9947389",6
140810,"49864","9947391",1
140810,"49864","9947393",3
140810,"49864","9947408",4
140810,"49864","9947470",1
140810,"49864","9947475",1
140810,"49864","9947478",1
140810,"49864","9967640",3
140810,"49864","9967642",6
140810,"49864","9967643",2
140810,"49864","9967645",13
140810,"49864","9967646",4
140810,"49864","9967647",3
140810,"49864","9967650",3
140810,"49864","9967651",1
140810,"49976","10346900",15
140810,"49976","10346978",5
140810,"49976","10346983",30
140810,"49976","10384424",1
140810,"49976","10384425",3
140810,"49976","10384426",12
140810,"49976","10384427",10
140810,"66166","10375068",6
140810,"66166","10404938",1
140810,"66166","10613630",7
140810,"66166","10613634",1
140810,"66166","9957078",8
140810,"66166","9957079",2
140810,"66166","9957092",3
140810,"66166","9957096",1
140810,"66166","9957098",1
140810,"66166","9957102",1
140810,"66166","9957108",2
140810,"70689","10613526",1
140810,"70689","10613527",1
140810,"70689","10613529",1
140810,"70689","10613530",16
140810,"70689","10613531",12
140810,"70689","9639160",1
140810,"70689","9930837",1
140810,"70689","9930851",2
140810,"70689","9930854",1
140810,"70689","9930864",1
140810,"70689","9967616",1
140810,"70689","9967621",1
140810,"70689","9967623",1
140810,"70689","9967625",1
140810,"74019","8917458",1
140810,"74239","9964903",9
140810,"74239","9964904",89
140810,"74239","9964905",14
140810,"74239","9964906",12
140810,"74239","9964907",17
140810,"76072","8406594",18699
140810,"82753","10031554",20
140810,"82753","10402834",3
140810,"82753","10613532",6
140810,"82753","10613533",3
140810,"89424","10393543",1
140810,"89424","10393561",5
140810,"89424","10393574",3
140810,"89424","10393586",2
140810,"89424","10430109",1
140810,"89424","10430225",1
140810,"89424","9984709",1
140810,"89619","10023528",1
140811,"1","0",15
140811,"26536","7207552",65714
140811,"27848","9766308",1
140811,"27853","10375044",1
140811,"27853","10375048",6
140811,"27853","10375050",1
140811,"27853","10530207",1
140811,"27853","10613610",6
140811,"27853","10613611",2
140811,"27853","9967229",6
140811,"27853","9967237",1
140811,"27853","9967252",1
140811,"27853","9967254",1
140811,"27853","9967255",1
140811,"33029","10613913",1
140811,"33029","10613917",2
140811,"33029","10613918",1
140811,"37344","10019073",1
140811,"37344","10019074",5
140811,"37344","10291671",1
140811,"37344","10291676",11
140811,"37344","10291833",1
140811,"37344","10291860",1
140811,"37344","10495716",1
140811,"37344","10495717",4
140811,"37344","10526807",2
140811,"37344","10526808",2
140811,"37344","10526809",2
140811,"37344","10526810",1
140811,"37344","10526811",2
140811,"37344","10526812",2
140811,"37344","10526815",1
140811,"37344","10526816",1
140811,"37344","10526817",2
140811,"37344","10526820",1
140811,"37344","10526821",1
140811,"37344","10526823",1
140811,"37344","10526824",1
140811,"37344","10526825",2
140811,"37344","10526827",1
140811,"37344","10526831",2
140811,"37344","10526832",2
140811,"37344","9743735",1
140811,"37344","9975914",1
140811,"37344","9975915",1
140811,"37344","9975916",7
140811,"39858","9939834",1
140811,"39858","9967632",2
140811,"4","0",15
140811,"43156","10430095",2
140811,"44288","10345890",1
140811,"44288","10345898",2
140811,"49499","9787360",3
140811,"49864","10402916",6
140811,"49864","9891920",1
140811,"49864","9929586",1
140811,"49864","9929589",4
140811,"49864","9929590",1
140811,"49864","9947388",1
140811,"49864","9947389",3
140811,"49864","9947391",1
140811,"49864","9947393",1
140811,"49864","9947402",1
140811,"49864","9947404",1
140811,"49864","9947408",2
140811,"49864","9947413",1
140811,"49864","9947470",3
140811,"49864","9947474",4
140811,"49864","9967640",1
140811,"49864","9967641",2
140811,"49864","9967642",3
140811,"49864","9967646",3
140811,"49976","10346900",3
140811,"49976","10346978",1
140811,"49976","10346983",17
140811,"49976","10384424",1
140811,"49976","10384425",1
140811,"49976","10384426",8
140811,"49976","10384427",2
140811,"66166","10375063",2
140811,"66166","10375068",1
140811,"66166","10404781",1
140811,"66166","10530245",1
140811,"66166","10613630",1
140811,"66166","10613634",1
140811,"66166","10613640",1
140811,"66166","9957066",1
140811,"66166","9957078",2
140811,"66166","9957098",1
140811,"66166","9957106",1
140811,"70689","10613528",1
140811,"70689","10613529",3
140811,"70689","10613530",11
140811,"70689","10613531",2
140811,"70689","9930837",1
140811,"70689","9930852",1
140811,"74239","9964903",9
140811,"74239","9964904",46
140811,"74239","9964905",15
140811,"74239","9964906",6
140811,"74239","9964907",36
140811,"76072","8406594",16899
140811,"82753","10031554",12
140811,"82753","10402834",1
140811,"82753","10613532",4
140811,"82753","10613533",3
140811,"89424","10393573",1
140811,"89424","10393574",1
140811,"89424","10430225",1
140811,"89424","10430243",1
140811,"89424","10430325",1
140811,"89424","9984843",1
140812,"1","0",9
140812,"26536","7207552",72283
140812,"27848","9766308",1
140812,"27853","10375044",4
140812,"27853","10375048",1
140812,"27853","10375052",1
140812,"27853","10530207",2
140812,"27853","10601021",1
140812,"27853","10613604",3
140812,"27853","10613610",3
140812,"27853","10613611",1
140812,"27853","9967229",14
140812,"27853","9967252",1
140812,"27853","9967255",3
140812,"33029","10598687",1
140812,"33029","10613913",2
140812,"37344","10019074",1
140812,"37344","10019075",12
140812,"37344","10291671",2
140812,"37344","10291676",7
140812,"37344","10291833",1
140812,"37344","10291860",1
140812,"37344","10495716",7
140812,"37344","10495717",1
140812,"37344","10526809",2
140812,"37344","10526812",1
140812,"37344","10526816",3
140812,"37344","10526817",3
140812,"37344","10526820",2
140812,"37344","10526824",3
140812,"37344","10526825",5
140812,"37344","10526827",1
140812,"37344","10526828",1
140812,"37344","10526829",2
140812,"37344","10526830",2
140812,"37344","10526832",1
140812,"37344","10526833",1
140812,"37344","10598690",1
140812,"37344","9743735",1
140812,"37344","9743736",2
140812,"37344","9743747",2
140812,"37344","9975914",1
140812,"37344","9975915",2
140812,"37344","9975916",12
140812,"39858","10402902",3
140812,"39858","9939811",1
140812,"39858","9939825",1
140812,"4","0",16
140812,"43156","10243966",2
140812,"43156","10430095",4
140812,"49499","9787360",2
140812,"49864","10402869",2
140812,"49864","10402916",3
140812,"49864","9891918",1
140812,"49864","9891919",1
140812,"49864","9891920",2
140812,"49864","9929589",2
140812,"49864","9929590",1
140812,"49864","9929593",1
140812,"49864","9947389",5
140812,"49864","9947391",2
140812,"49864","9947396",1
140812,"49864","9947404",7
140812,"49864","9947405",1
140812,"49864","9947408",1
140812,"49864","9947412",6
140812,"49864","9967645",6
140812,"49864","9967646",3
140812,"49864","9967647",2
140812,"49864","9967650",1
140812,"49864","9967651",1
140812,"49976","10346900",2
140812,"49976","10346978",4
140812,"49976","10346983",10
140812,"49976","10384424",9
140812,"49976","10384425",2
140812,"49976","10384426",8
140812,"49976","10384427",8
140812,"66166","10375063",1
140812,"66166","10375068",6
140812,"66166","10404676",1
140812,"66166","10613630",6
140812,"66166","9957066",1
140812,"66166","9957078",4
140812,"66166","9957098",3
140812,"66166","9957102",1
140812,"66166","9957108",1
140812,"70689","10225491",1
140812,"70689","10613527",1
140812,"70689","10613528",2
140812,"70689","10613529",3
140812,"70689","10613530",20
140812,"70689","10613531",14
140812,"70689","9930854",1
140812,"70689","9930858",1
140812,"70689","9967625",1
140812,"74019","8917449",1
140812,"74019","8917458",1
140812,"74239","9964903",20
140812,"74239","9964904",59
140812,"74239","9964905",11
140812,"74239","9964906",15
140812,"74239","9964907",17
140812,"76072","8406594",16849
140812,"82753","10031554",26
140812,"82753","10402834",2
140812,"82753","10613532",1
140812,"89424","10088732",2
140812,"89424","10115066",1
140812,"89424","10393573",1
140812,"89424","10393574",1
140812,"89424","10393586",1
140812,"89424","10430123",1
140812,"89424","10430429",1
140813,"1","0",12
140813,"26536","7207552",56196
140813,"27853","10375048",6
140813,"27853","10375052",1
140813,"27853","10613604",3
140813,"27853","10613610",9
140813,"27853","10613612",2
140813,"27853","9967226",1
140813,"27853","9967229",2
140813,"27853","9967255",4
140813,"33029","10598687",1
140813,"33029","10613913",1
140813,"37344","10019074",1
140813,"37344","10019075",7
140813,"37344","10291676",2
140813,"37344","10291759",1
140813,"37344","10291800",1
140813,"37344","10495717",3
140813,"37344","10526808",1
140813,"37344","10526809",2
140813,"37344","10526816",4
140813,"37344","10526817",3
140813,"37344","10526819",1
140813,"37344","10526822",1
140813,"37344","10526823",2
140813,"37344","10526824",3
140813,"37344","10526825",2
140813,"37344","10526827",1
140813,"37344","10526828",4
140813,"37344","10526830",2
140813,"37344","10526832",1
140813,"37344","10598690",1
140813,"37344","9743735",4
140813,"37344","9975914",2
140813,"37344","9975915",5
140813,"37344","9975916",16
140813,"39858","9929603",2
140813,"39858","9939799",2
140813,"4","0",12
140813,"43156","10243966",1
140813,"43156","10430095",1
140813,"43156","9975569",1
140813,"43156","9975768",1
140813,"44288","10345899",1
140813,"49499","9787360",9
140813,"49864","10402869",1
140813,"49864","9648925",3
140813,"49864","9648927",1
140813,"49864","9929585",1
140813,"49864","9929589",2
140813,"49864","9929590",4
140813,"49864","9947388",3
140813,"49864","9947389",1
140813,"49864","9947391",1
140813,"49864","9947393",3
140813,"49864","9947404",3
140813,"49864","9947408",1
140813,"49864","9947470",1
140813,"49864","9947475",2
140813,"49864","9967642",1
140813,"49864","9967645",1
140813,"49864","9967646",2
140813,"49864","9967647",1
140813,"49864","9967650",2
140813,"49864","9967651",1
140813,"49976","10346900",16
140813,"49976","10346978",19
140813,"49976","10346983",5
140813,"49976","10384424",10
140813,"49976","10384425",6
140813,"49976","10384426",7
140813,"49976","10384427",11
140813,"66166","10375066",1
140813,"66166","10375068",7
140813,"66166","10613630",1
140813,"66166","10613640",1
140813,"66166","9957066",2
140813,"66166","9957078",4
140813,"66166","9957092",1
140813,"66166","9957098",2
140813,"70689","10613526",4
140813,"70689","10613527",1
140813,"70689","10613528",2
140813,"70689","10613529",1
140813,"70689","10613530",16
140813,"70689","10613531",36
140813,"70689","9902061",2
140813,"70689","9930832",1
140813,"70689","9930846",1
140813,"70689","9930851",2
140813,"70689","9930858",1
140813,"70689","9930901",1
140813,"70689","9967625",1
140813,"74239","9964903",14
140813,"74239","9964904",110
140813,"74239","9964905",17
140813,"74239","9964906",18
140813,"74239","9964907",50
140813,"76072","8406594",15866
140813,"82753","10031554",37
140813,"82753","10402834",6
140813,"82753","10613532",11
140813,"89424","10393543",1
140813,"89424","10393574",3
140813,"89424","10393586",1
140813,"89424","10430125",1
140813,"89424","10430227",1
140813,"89424","10513286",1
140813,"89424","9974534",1
140813,"89424","9974541",1
140814,"1","0",10
140814,"26536","7207552",54847
140814,"27853","10375044",2
140814,"27853","10375048",3
140814,"27853","10375051",1
140814,"27853","10530223",1
140814,"27853","10613604",1
140814,"27853","10613608",2
140814,"27853","10613610",6
140814,"27853","9967226",1
140814,"27853","9967229",7
140814,"27853","9967237",4
140814,"27853","9967255",2
140814,"33029","10613917",1
140814,"33029","9957597",2
140814,"37344","10019074",1
140814,"37344","10291671",1
140814,"37344","10291860",1
140814,"37344","10495716",1
140814,"37344","10495717",1
140814,"37344","10526807",2
140814,"37344","10526808",1
140814,"37344","10526809",3
140814,"37344","10526810",1
140814,"37344","10526812",1
140814,"37344","10526813",1
140814,"37344","10526815",1
140814,"37344","10526816",3
140814,"37344","10526822",2
140814,"37344","10526823",5
140814,"37344","10526824",2
140814,"37344","10526825",1
140814,"37344","10526830",3
140814,"37344","10598692",1
140814,"37344","10598693",2
140814,"37344","9743747",1
140814,"37344","9975915",1
140814,"37344","9975916",8
140814,"39858","9939866",2
140814,"4","0",6
140814,"43156","10021828",2
140814,"44288","10345888",1
140814,"44288","10345898",2
140814,"44288","10345899",1
140814,"49499","9787360",4
140814,"49864","10402920",2
140814,"49864","9648928",1
140814,"49864","9891919",1
140814,"49864","9929587",1
140814,"49864","9929590",1
140814,"49864","9947388",1
140814,"49864","9947389",2
140814,"49864","9947405",3
140814,"49864","9947408",2
140814,"49864","9947412",9
140814,"49864","9947478",1
140814,"49864","9967643",2
140814,"49864","9967644",2
140814,"49864","9967645",1
140814,"49864","9967646",3
140814,"49976","10346900",7
140814,"49976","10346978",3
140814,"49976","10346983",5
140814,"49976","10384424",2
140814,"49976","10384426",11
140814,"49976","10384427",9
140814,"66166","10375066",1
140814,"66166","10375068",1
140814,"66166","10404772",1
140814,"66166","10405033",1
140814,"66166","10613628",1
140814,"66166","10613630",3
140814,"66166","10613631",1
140814,"66166","9957076",1
140814,"66166","9957078",8
140814,"66166","9957080",1
140814,"66166","9957098",3
140814,"66166","9957102",1
140814,"66166","9957109",1
140814,"66166","9993646",1
140814,"70689","10613526",47
140814,"70689","10613527",3
140814,"70689","10613528",1
140814,"70689","10613529",3
140814,"70689","10613530",5
140814,"70689","10613531",5
140814,"70689","9930837",1
140814,"70689","9930851",4
140814,"70689","9967625",1
140814,"74239","9964903",1
140814,"74239","9964904",50
140814,"74239","9964905",2
140814,"74239","9964906",7
140814,"74239","9964907",44
140814,"76072","8406594",15834
140814,"82753","10031554",19
140814,"82753","10613532",7
140814,"82753","10613533",1
140814,"89424","10393543",1
140814,"89424","10393561",3
140814,"89424","10393586",5
140814,"89424","10430109",1
140814,"89424","10430121",1
140814,"89424","10430125",3
140814,"89424","10430129",1
140814,"89424","10513286",2
140815,"1","0",14
140815,"26536","7207552",53477
140815,"27853","10375048",6
140815,"27853","10601088",1
140815,"27853","10613604",1
140815,"27853","10613610",4
140815,"27853","9967229",3
140815,"27853","9967237",1
140815,"33029","10613913",4
140815,"37344","10019074",2
140815,"37344","10019075",1
140815,"37344","10495716",3
140815,"37344","10526807",2
140815,"37344","10526808",1
140815,"37344","10526809",3
140815,"37344","10526812",1
140815,"37344","10526815",1
140815,"37344","10526816",2
140815,"37344","10526824",1
140815,"37344","10526826",2
140815,"37344","10526833",1
140815,"37344","10583029",3
140815,"37344","10598690",1
140815,"37344","10703257",1
140815,"37344","9975914",18
140815,"37344","9975915",3
140815,"37344","9975916",7
140815,"39858","9939799",1
140815,"39858","9939815",1
140815,"39858","9939823",1
140815,"39858","9939866",1
140815,"39858","9939873",2
140815,"4","0",12
140815,"43156","10430095",3
140815,"43156","9975768",1
140815,"44288","10345889",1
140815,"44288","10345890",2
140815,"44288","10345898",1
140815,"49499","9787360",11
140815,"49864","9929589",9
140815,"49864","9947389",2
140815,"49864","9947396",1
140815,"49864","9947404",5
140815,"49864","9947408",7
140815,"49864","9947470",1
140815,"49864","9947471",1
140815,"49864","9967641",1
140815,"49976","10346900",5
140815,"49976","10346978",3
140815,"49976","10346983",7
140815,"49976","10384425",5
140815,"49976","10384426",6
140815,"49976","10384427",1
140815,"66166","10375068",2
140815,"66166","10404772",2
140815,"66166","10404838",1
140815,"66166","10613630",2
140815,"66166","10613640",4
140815,"66166","9957066",1
140815,"66166","9957078",2
140815,"66166","9957079",1
140815,"66166","9957102",1
140815,"70689","10613526",4
140815,"70689","10613527",4
140815,"70689","10613528",1
140815,"70689","10613529",4
140815,"70689","10613530",4
140815,"70689","10613531",5
140815,"70689","9930851",3
140815,"70689","9930858",1
140815,"70689","9930879",1
140815,"70689","9967622",1
140815,"70689","9967626",1
140815,"70689","9983051",1
140815,"74239","9964903",6
140815,"74239","9964904",74
140815,"74239","9964905",14
140815,"74239","9964906",7
140815,"74239","9964907",7
140815,"76072","8406594",15406
140815,"82753","10031554",13
140815,"82753","10402834",3
140815,"82753","10613532",5
140815,"82753","10613533",1
140815,"89424","10020254",1
140815,"89424","10088861",1
140815,"89424","10393561",6
140815,"89424","10430126",1
140815,"89424","10430427",1
140816,"1","0",17
140816,"26536","7207552",68820
140816,"27853","10375044",2
140816,"27853","10375048",7
140816,"27853","10600952",1
140816,"27853","10613604",1
140816,"27853","10613610",5
140816,"27853","10613612",1
140816,"27853","9967226",9
140816,"27853","9967229",1
140816,"27853","9967237",2
140816,"27853","9967255",1
140816,"27853","9967269",1
140816,"28950","9787889",1
140816,"33029","10598687",1
140816,"33029","10613917",1
140816,"33029","9983236",2
140816,"37344","10019074",2
140816,"37344","10291671",1
140816,"37344","10291759",1
140816,"37344","10495716",1
140816,"37344","10526807",1
140816,"37344","10526808",1
140816,"37344","10526812",2
140816,"37344","10526817",1
140816,"37344","10526828",1
140816,"37344","10583029",1
140816,"37344","10598691",1
140816,"37344","9743735",1
140816,"37344","9743736",2
140816,"37344","9975914",1
140816,"37344","9975915",2
140816,"37344","9975916",9
140816,"39858","9929605",1
140816,"39858","9939820",1
140816,"39858","9939834",1
140816,"4","0",4
140816,"43156","10243966",2
140816,"43156","10430095",2
140816,"49499","9787360",16
140816,"49864","10402869",1
140816,"49864","9929589",4
140816,"49864","9947389",1
140816,"49864","9947404",2
140816,"49864","9947408",3
140816,"49864","9947412",3
140816,"49864","9947413",1
140816,"49864","9967643",1
140816,"49864","9967645",2
140816,"49864","9967646",5
140816,"49864","9967647",1
140816,"49976","10346900",7
140816,"49976","10346983",5
140816,"49976","10384424",1
140816,"49976","10384425",1
140816,"49976","10384426",2
140816,"49976","10384427",9
140816,"66166","10375068",8
140816,"66166","10601179",1
140816,"66166","10601361",1
140816,"66166","10613630",2
140816,"66166","10613634",1
140816,"66166","9957066",3
140816,"66166","9957078",9
140816,"66166","9957080",1
140816,"66166","9957098",1
140816,"70689","10225491",1
140816,"70689","10613526",8
140816,"70689","10613530",9
140816,"70689","10613531",2
140816,"70689","9639160",1
140816,"70689","9930879",1
140816,"70689","9967616",1
140816,"70689","9967621",1
140816,"70689","9967625",1
140816,"70689","9967626",2
140816,"70689","9983051",1
140816,"74239","9964903",4
140816,"74239","9964904",33
140816,"74239","9964905",6
140816,"74239","9964906",2
140816,"74239","9964907",55
140816,"76072","8406594",15492
140816,"82753","10031554",12
140816,"82753","10613532",2
140816,"87632","9664413",2
140816,"89424","10393543",4
140816,"89424","10393561",1
140816,"89424","10393574",1
140816,"89424","10393586",1
140816,"89424","10430225",1
140816,"89424","10430324",1
140816,"89424","10513280",1
140816,"89424","10513286",1
140817,"1","0",21
140817,"26536","7207552",54777
140817,"27848","9766307",1
140817,"27853","10375044",3
140817,"27853","10375045",1
140817,"27853","10375048",8
140817,"27853","10375052",2
140817,"27853","10600912",1
140817,"27853","10600952",2
140817,"27853","10613604",2
140817,"27853","10613610",10
140817,"27853","9967227",1
140817,"27853","9967229",5
140817,"27853","9967237",2
140817,"27853","9967252",2
140817,"27853","9967255",2
140817,"27853","9967269",2
140817,"30769","9572480",1
140817,"33029","10598687",1
140817,"33029","10613913",1
140817,"37344","10291676",2
140817,"37344","10291833",2
140817,"37344","10495716",1
140817,"37344","10495717",29
140817,"37344","10526807",6
140817,"37344","10526814",1
140817,"37344","10526816",2
140817,"37344","10526817",2
140817,"37344","10526824",3
140817,"37344","10583029",1
140817,"37344","10583030",1
140817,"37344","10703256",1
140817,"37344","9975916",13
140817,"4","0",23
140817,"43156","10429849",1
140817,"43156","10430095",1
140817,"44288","10345896",3
140817,"49499","9787360",10
140817,"49864","9649000",1
140817,"49864","9929589",2
140817,"49864","9947388",1
140817,"49864","9947389",2
140817,"49864","9947391",1
140817,"49864","9947397",1
140817,"49864","9947408",4
140817,"49864","9947409",2
140817,"49864","9947412",1
140817,"49864","9947413",2
140817,"49864","9947477",2
140817,"49864","9967642",1
140817,"49864","9967643",6
140817,"49864","9967645",1
140817,"49976","10346900",9
140817,"49976","10346978",7
140817,"49976","10346983",6
140817,"49976","10384424",6
140817,"49976","10384426",2
140817,"49976","10384427",7
140817,"66166","10375068",1
140817,"66166","10613630",3
140817,"66166","10613634",2
140817,"66166","10613640",5
140817,"66166","9957066",2
140817,"66166","9957078",2
140817,"66166","9957092",1
140817,"66166","9957098",3
140817,"66166","9957102",2
140817,"66166","9957108",4
140817,"70689","10613526",2
140817,"70689","10613527",2
140817,"70689","10613528",1
140817,"70689","10613529",8
140817,"70689","10613530",13
140817,"70689","10613531",6
140817,"70689","9930851",2
140817,"70689","9930854",1
140817,"70689","9930899",1
140817,"74239","9964903",4
140817,"74239","9964904",41
140817,"74239","9964905",7
140817,"74239","9964906",3
140817,"74239","9964907",22
140817,"76072","8406594",16547
140817,"82753","10031554",9
140817,"82753","10402834",1
140817,"82753","10613532",2
140817,"82753","10613533",2
140817,"82753","10715015",1
140817,"89424","10020254",1
140817,"89424","10393543",4
140817,"89424","10393561",3
140817,"89424","10393574",1
140817,"89424","10393586",2
140817,"89424","10430109",2
140817,"89424","10430171",1
140817,"89424","10430431",1
140817,"89424","9984844",2
140817,"89424","9984850",1
140818,"0","0",1
140818,"1","0",16
140818,"26536","7207552",71243
140818,"27853","10061889",1
140818,"27853","10375044",1
140818,"27853","10375048",7
140818,"27853","10375052",1
140818,"27853","10592722",1
140818,"27853","10613610",5
140818,"27853","10613611",1
140818,"27853","10613620",1
140818,"27853","10613621",1
140818,"27853","10725628",1
140818,"27853","10725644",3
140818,"27853","9967226",1
140818,"27853","9967227",1
140818,"27853","9967229",11
140818,"27853","9967231",1
140818,"27853","9967237",1
140818,"27853","9967269",1
140818,"30768","7652508",2
140818,"33029","10598687",1
140818,"33029","10613915",1
140818,"33029","10613917",1
140818,"33029","9983236",1
140818,"33029","9983283",1
140818,"37344","10019074",2
140818,"37344","10019075",5
140818,"37344","10291676",13
140818,"37344","10291678",2
140818,"37344","10291689",5
140818,"37344","10291946",1
140818,"37344","10495716",9
140818,"37344","10495717",2
140818,"37344","10526808",1
140818,"37344","10526809",1
140818,"37344","10526810",1
140818,"37344","10526832",1
140818,"37344","10583029",1
140818,"37344","9743736",2
140818,"37344","9743747",2
140818,"37344","9975915",1
140818,"37344","9975916",21
140818,"39858","9939835",1
140818,"39858","9967632",1
140818,"4","0",29
140818,"43156","10243966",2
140818,"43156","10430095",3
140818,"44288","10345888",6
140818,"44288","10345889",1
140818,"44288","10345895",5
140818,"49499","10010929",1
140818,"49499","9787360",10
140818,"49864","9929593",1
140818,"49864","9947391",1
140818,"49864","9947392",1
140818,"49864","9947396",3
140818,"49864","9947404",2
140818,"49864","9947408",2
140818,"49864","9947413",1
140818,"49864","9947468",3
140818,"49864","9947469",1
140818,"49864","9947471",2
140818,"49864","9947478",1
140818,"49976","10346900",1
140818,"49976","10346978",2
140818,"49976","10346983",3
140818,"49976","10384424",6
140818,"49976","10384426",1
140818,"49976","10384427",6
140818,"66166","10375063",1
140818,"66166","10375066",1
140818,"66166","10375068",5
140818,"66166","10404772",1
140818,"66166","10613630",2
140818,"66166","10725600",1
140818,"66166","10725620",1
140818,"66166","9957078",7
140818,"66166","9957098",3
140818,"70689","10613526",1
140818,"70689","10613527",1
140818,"70689","10613528",1
140818,"70689","10613529",1
140818,"70689","10613530",7
140818,"70689","10613531",7
140818,"70689","10715006",2
140818,"70689","9967625",1
140818,"74239","9964903",21
140818,"74239","9964904",43
140818,"74239","9964905",12
140818,"74239","9964906",1
140818,"74239","9964907",24
140818,"76072","8406594",20440
140818,"82753","10031554",15
140818,"82753","10613532",4
140818,"82753","10613533",4
140818,"89424","10393543",1
140818,"89424","10393561",2
140818,"89424","10393573",1
140818,"89424","10393574",4
140818,"89424","10393586",4
140818,"89424","10430134",1
140818,"89424","10430431",1
140818,"89424","10430526",1
140818,"89424","10513277",1
140818,"89424","9984709",3
140818,"89424","9984724",1
140818,"89424","9984827",1
140818,"89424","9984844",1
140819,"1","0",18
140819,"26536","7207552",68826
140819,"27853","10061889",1
140819,"27853","10375044",8
140819,"27853","10375048",4
140819,"27853","10375052",1
140819,"27853","10530223",1
140819,"27853","10613604",1
140819,"27853","10613610",5
140819,"27853","10613620",1
140819,"27853","10725633",1
140819,"27853","10725635",1
140819,"27853","10725637",1
140819,"27853","10725640",1
140819,"27853","10725644",1
140819,"27853","10725645",1
140819,"27853","10725653",8
140819,"27853","10725657",4
140819,"27853","9967229",2
140819,"27853","9967255",3
140819,"33029","9983236",1
140819,"37344","10019074",2
140819,"37344","10019075",8
140819,"37344","10291671",3
140819,"37344","10291676",3
140819,"37344","10291678",2
140819,"37344","10291683",1
140819,"37344","10291860",4
140819,"37344","10495716",2
140819,"37344","10526808",5
140819,"37344","10526809",2
140819,"37344","10526810",1
140819,"37344","10526812",1
140819,"37344","10526822",8
140819,"37344","10526824",1
140819,"37344","10526825",1
140819,"37344","10526827",2
140819,"37344","10526831",1
140819,"37344","10583029",2
140819,"37344","9975915",7
140819,"37344","9975916",13
140819,"4","0",35
140819,"43156","10430095",9
140819,"43156","9975569",9
140819,"43156","9975652",1
140819,"44288","10345890",1
140819,"44288","10345895",3
140819,"49499","9787360",15
140819,"49864","9929589",1
140819,"49864","9929593",2
140819,"49864","9947388",1
140819,"49864","9947393",2
140819,"49864","9947396",1
140819,"49864","9947404",1
140819,"49864","9947408",1
140819,"49864","9947409",1
140819,"49864","9947468",1
140819,"49864","9947474",1
140819,"49864","9967643",2
140819,"49864","9967647",1
140819,"49976","10346900",2
140819,"49976","10346978",3
140819,"49976","10346983",4
140819,"49976","10384424",2
140819,"49976","10384425",1
140819,"49976","10384426",5
140819,"49976","10384427",7
140819,"66166","10375063",1
140819,"66166","10375068",6
140819,"66166","10404572",1
140819,"66166","10404867",2
140819,"66166","10601234",1
140819,"66166","10613632",1
140819,"66166","10613640",1
140819,"66166","10725620",2
140819,"66166","9957078",5
140819,"66166","9957079",1
140819,"66166","9957098",2
140819,"66166","9957100",1
140819,"70689","10613527",1
140819,"70689","10613528",2
140819,"70689","10613529",15
140819,"70689","10613530",5
140819,"70689","10613531",12
140819,"70689","9930851",1
140819,"70689","9967616",1
140819,"70689","9967623",1
140819,"70689","9967625",1
140819,"70689","9967626",2
140819,"74239","9964903",6
140819,"74239","9964904",88
140819,"74239","9964905",10
140819,"74239","9964906",18
140819,"74239","9964907",8
140819,"76072","8406594",21445
140819,"82753","10031554",33
140819,"82753","10402834",4
140819,"82753","10613532",6
140819,"82753","10613533",5
140819,"89424","10020254",1
140819,"89424","10393543",1
140819,"89424","10393574",1
140819,"89424","10393586",2
140819,"89424","10430109",1
140819,"89424","10430121",1
140819,"89424","10430225",1
140819,"89424","10430326",1
140819,"89424","10513266",1
140819,"89424","10513291",2
140819,"89424","9984709",1
140820,"1","0",29
140820,"26536","7207552",49451
140820,"27853","10375044",1
140820,"27853","10375048",4
140820,"27853","10601048",1
140820,"27853","10613610",3
140820,"27853","10613614",1
140820,"27853","10725635",1
140820,"27853","10725644",3
140820,"27853","10725653",5
140820,"27853","10725657",4
140820,"27853","10725664",1
140820,"27853","9967229",6
140820,"27853","9967255",3
140820,"30769","9572650",2
140820,"33029","10598687",1
140820,"33029","10613913",2
140820,"33029","10613917",5
140820,"37344","10019073",1
140820,"37344","10019075",1
140820,"37344","10291671",3
140820,"37344","10291676",1
140820,"37344","10291678",2
140820,"37344","10291713",1
140820,"37344","10495716",3
140820,"37344","10495717",1
140820,"37344","10526808",1
140820,"37344","10526817",1
140820,"37344","10526822",2
140820,"37344","10526824",1
140820,"37344","10526827",2
140820,"37344","10526828",2
140820,"37344","10526830",1
140820,"37344","10598691",1
140820,"37344","10598693",1
140820,"37344","9975914",2
140820,"37344","9975915",1
140820,"37344","9975916",6
140820,"39858","9729684",1
140820,"39858","9939795",1
140820,"4","0",20
140820,"43156","10243966",3
140820,"43156","10430095",1
140820,"43156","10513732",1
140820,"43156","9975569",1
140820,"44288","10345890",1
140820,"44288","10345892",2
140820,"44288","10345895",4
140820,"44288","10345898",1
140820,"49499","9787360",8
140820,"49864","10402916",1
140820,"49864","9929589",1
140820,"49864","9929590",1
140820,"49864","9947389",8
140820,"49864","9947408",7
140820,"49864","9947468",1
140820,"49864","9947470",2
140820,"49864","9947471",1
140820,"49864","9967641",3
140820,"49864","9967642",4
140820,"49864","9967646",2
140820,"49976","10346900",5
140820,"49976","10346978",3
140820,"49976","10346983",2
140820,"49976","10384424",3
140820,"49976","10384425",2
140820,"49976","10384426",5
140820,"49976","10384427",1
140820,"66166","10375068",2
140820,"66166","10613630",3
140820,"66166","10613640",1
140820,"66166","10725596",2
140820,"66166","10725600",2
140820,"66166","10725620",4
140820,"66166","9957078",1
140820,"70689","10613526",2
140820,"70689","10613527",4
140820,"70689","10613528",16
140820,"70689","10613529",5
140820,"70689","10613530",16
140820,"70689","10613531",3
140820,"70689","10715013",1
140820,"70689","9930827",1
140820,"70689","9967625",1
140820,"74239","9964903",5
140820,"74239","9964904",86
140820,"74239","9964905",8
140820,"74239","9964906",21
140820,"74239","9964907",19
140820,"76072","8406594",20216
140820,"82753","10031554",18
140820,"82753","10402834",4
140820,"82753","10613532",4
140820,"82753","10613533",2
140820,"89424","10393561",1
140820,"89424","10393573",1
140820,"89424","10393586",3
140820,"89424","10430109",1
140820,"89424","10430225",2
140820,"89424","10430227",1
140820,"89424","10430322",1
140820,"89424","9984709",1
140821,"1","0",30
140821,"26536","7207552",93328
140821,"27853","10061889",1
140821,"27853","10375044",2
140821,"27853","10375048",6
140821,"27853","10600949",1
140821,"27853","10613604",4
140821,"27853","10613610",5
140821,"27853","10725635",2
140821,"27853","10725640",1
140821,"27853","10725644",3
140821,"27853","10725645",2
140821,"27853","10725653",6
140821,"27853","10725657",3
140821,"27853","9967226",1
140821,"27853","9967229",4
140821,"27853","9993590",2
140821,"33029","10613913",1
140821,"33029","10613917",2
140821,"37344","10291671",2
140821,"37344","10291676",11
140821,"37344","10291678",1
140821,"37344","10495716",1
140821,"37344","10526807",1
140821,"37344","10526808",2
140821,"37344","10526809",1
140821,"37344","10526810",1
140821,"37344","10526814",1
140821,"37344","10526816",6
140821,"37344","10526817",1
140821,"37344","10526824",1
140821,"37344","10526825",3
140821,"37344","10526833",1
140821,"37344","10598691",1
140821,"37344","9975914",1
140821,"37344","9975915",3
140821,"37344","9975916",9
140821,"4","0",18
140821,"43156","10021828",1
140821,"43156","10243966",3
140821,"43156","10429849",1
140821,"43156","10430095",5
140821,"44288","10345888",1
140821,"44288","10345895",3
140821,"49499","9787360",9
140821,"49864","10402869",1
140821,"49864","10402916",1
140821,"49864","9929586",2
140821,"49864","9929589",1
140821,"49864","9929590",2
140821,"49864","9929593",1
140821,"49864","9947389",8
140821,"49864","9947393",1
140821,"49864","9947408",3
140821,"49864","9947468",1
140821,"49864","9947479",1
140821,"49864","9967642",1
140821,"49864","9967643",1
140821,"49864","9967644",2
140821,"49864","9967646",1
140821,"49864","9967650",1
140821,"49976","10346900",2
140821,"49976","10346978",1
140821,"49976","10346983",5
140821,"49976","10384425",4
140821,"49976","10384426",2
140821,"49976","10384427",4
140821,"66166","10375068",1
140821,"66166","10404841",1
140821,"66166","10592730",1
140821,"66166","10601179",1
140821,"66166","10613630",1
140821,"66166","10613640",1
140821,"66166","10725594",2
140821,"66166","10725596",1
140821,"66166","10725600",2
140821,"66166","10725620",4
140821,"66166","9957066",2
140821,"66166","9957078",3
140821,"66166","9957092",1
140821,"66166","9957098",1
140821,"70689","10613526",2
140821,"70689","10613527",2
140821,"70689","10613528",1
140821,"70689","10613530",7
140821,"70689","10613531",22
140821,"70689","9930897",1
140821,"74239","9964903",3
140821,"74239","9964904",34
140821,"74239","9964905",14
140821,"74239","9964906",2
140821,"74239","9964907",6
140821,"76072","8406594",20570
140821,"82753","10031554",17
140821,"82753","10402834",2
140821,"82753","10613532",4
140821,"82753","10613533",1
140821,"89424","10393561",1
140821,"89424","10430259",1
140821,"89424","10430526",1
140821,"89424","10513277",2
140821,"89424","9974541",1
140821,"89424","9984709",1
140821,"89424","9984724",1
140821,"89424","9984825",1
140821,"89424","9984859",1
140822,"0","0",1
140822,"1","0",23
140822,"26536","7207552",80978
140822,"27853","10375044",2
140822,"27853","10375048",4
140822,"27853","10613604",1
140822,"27853","10613610",6
140822,"27853","10613620",1
140822,"27853","10725633",1
140822,"27853","10725644",5
140822,"27853","10725653",3
140822,"27853","10725657",1
140822,"27853","10725662",1
140822,"27853","9967229",3
140822,"27853","9967249",1
140822,"33029","10598687",1
140822,"33029","10613913",1
140822,"33029","10613917",5
140822,"33029","9957684",1
140822,"37344","10019074",3
140822,"37344","10019075",11
140822,"37344","10291676",13
140822,"37344","10291678",1
140822,"37344","10291833",1
140822,"37344","10495716",4
140822,"37344","10526807",4
140822,"37344","10526808",3
140822,"37344","10526809",1
140822,"37344","10526810",2
140822,"37344","10526816",3
140822,"37344","10526821",1
140822,"37344","10526824",1
140822,"37344","10526825",2
140822,"37344","10526826",1
140822,"37344","10526828",2
140822,"37344","10526831",1
140822,"37344","10598693",1
140822,"37344","9975914",2
140822,"37344","9975915",7
140822,"37344","9975916",16
140822,"39858","9967632",1
140822,"4","0",23
140822,"43156","10243966",2
140822,"43156","10430095",1
140822,"43156","9975569",1
140822,"44288","10345890",1
140822,"44288","10345895",3
140822,"49499","9787360",8
140822,"49864","9929589",1
140822,"49864","9929590",1
140822,"49864","9947389",3
140822,"49864","9947396",2
140822,"49864","9947404",5
140822,"49864","9947405",3
140822,"49864","9947408",8
140822,"49864","9947471",6
140822,"49864","9967643",2
140822,"49864","9967646",4
140822,"49864","9967647",3
140822,"49976","10346900",4
140822,"49976","10346978",5
140822,"49976","10346983",8
140822,"49976","10384424",3
140822,"49976","10384425",2
140822,"49976","10384426",4
140822,"49976","10384427",9
140822,"66166","10375067",1
140822,"66166","10375068",1
140822,"66166","10404782",1
140822,"66166","10601361",2
140822,"66166","10613630",2
140822,"66166","10725596",3
140822,"66166","10725611",1
140822,"66166","10725620",4
140822,"66166","9957078",1
140822,"66166","9957079",1
140822,"66166","9957098",1
140822,"66166","9957108",1
140822,"70689","10613526",1
140822,"70689","10613527",1
140822,"70689","10613528",2
140822,"70689","10613529",1
140822,"70689","10613530",15
140822,"70689","10613531",18
140822,"70689","9930851",2
140822,"74239","9964903",13
140822,"74239","9964904",129
140822,"74239","9964905",26
140822,"74239","9964906",12
140822,"74239","9964907",34
140822,"76072","8406594",18079
140822,"82753","10031554",40
140822,"82753","10402834",11
140822,"82753","10613532",12
140822,"82753","10613533",12
140822,"87632","9664501",1
140822,"89424","10393561",1
140822,"89424","10393586",3
140822,"89424","10430108",1
140822,"89424","10430243",1
140822,"89424","10430244",1
140822,"89424","9984823",1
140822,"89424","9984824",1
140823,"0","0",1
140823,"1","0",39
140823,"26536","7207552",28880
140823,"27853","10375048",10
140823,"27853","10613604",1
140823,"27853","10613610",4
140823,"27853","10613620",1
140823,"27853","10725638",1
140823,"27853","10725640",3
140823,"27853","10725644",3
140823,"27853","10725645",2
140823,"27853","10725653",1
140823,"27853","10725657",3
140823,"27853","10725664",3
140823,"27853","9967226",1
140823,"27853","9967229",4
140823,"27853","9967237",2
140823,"27853","9967252",1
140823,"27853","9967255",1
140823,"27853","9967265",1
140823,"30769","9572650",1
140823,"33029","10613917",1
140823,"33029","9957597",2
140823,"37344","10019074",2
140823,"37344","10019075",2
140823,"37344","10291676",1
140823,"37344","10291893",1
140823,"37344","10495716",2
140823,"37344","10495717",3
140823,"37344","10526807",4
140823,"37344","10526808",4
140823,"37344","10526809",1
140823,"37344","10526810",1
140823,"37344","10526813",7
140823,"37344","10526825",1
140823,"37344","10526826",1
140823,"37344","10526831",2
140823,"37344","10583029",1
140823,"37344","10598692",1
140823,"37344","9975914",2
140823,"37344","9975915",3
140823,"37344","9975916",20
140823,"39858","9929603",1
140823,"4","0",15
140823,"43156","10243966",3
140823,"43156","10430095",2
140823,"43156","9975569",1
140823,"43156","9975766",1
140823,"49499","9787360",3
140823,"49864","9929587",1
140823,"49864","9929589",1
140823,"49864","9929590",1
140823,"49864","9929593",1
140823,"49864","9947389",14
140823,"49864","9947392",1
140823,"49864","9947393",1
140823,"49864","9947404",8
140823,"49864","9947405",1
140823,"49864","9947408",8
140823,"49864","9947409",6
140823,"49864","9967642",6
140823,"49864","9967644",1
140823,"49864","9967646",2
140823,"49864","9967651",2
140823,"49976","10346900",6
140823,"49976","10346978",4
140823,"49976","10346983",8
140823,"49976","10384424",3
140823,"49976","10384425",1
140823,"49976","10384426",11
140823,"49976","10384427",12
140823,"66166","10375068",3
140823,"66166","10404774",1
140823,"66166","10601361",1
140823,"66166","10613640",2
140823,"66166","10725596",1
140823,"66166","10725599",1
140823,"66166","10725611",1
140823,"66166","10725620",5
140823,"66166","9957078",7
140823,"66166","9957092",1
140823,"66166","9957098",2
140823,"66166","9957100",1
140823,"66166","9957102",1
140823,"66166","9957108",1
140823,"70689","10012269",1
140823,"70689","10613526",3
140823,"70689","10613528",2
140823,"70689","10613530",11
140823,"70689","10613531",14
140823,"70689","10715009",1
140823,"70689","10715013",1
140823,"70689","9930858",1
140823,"70689","9967623",1
140823,"70689","9967625",1
140823,"74239","9964903",8
140823,"74239","9964904",80
140823,"74239","9964905",7
140823,"74239","9964906",18
140823,"74239","9964907",6
140823,"76072","8406594",17734
140823,"82753","10031554",20
140823,"82753","10402834",1
140823,"82753","10613532",4
140823,"82753","10613533",1
140823,"89424","10088732",2
140823,"89424","10393561",1
140823,"89424","10393586",2
140823,"89424","10430109",1
140823,"89424","10430427",1
140823,"89424","10430431",1
140823,"89424","10513280",1
140823,"89424","9984723",3
140824,"0","0",1
140824,"1","0",38
140824,"26536","7207552",29409
140824,"27848","9766308",2
140824,"27853","10375044",3
140824,"27853","10375048",7
140824,"27853","10375052",1
140824,"27853","10601019",1
140824,"27853","10613604",1
140824,"27853","10613610",3
140824,"27853","10613612",2
140824,"27853","10613620",2
140824,"27853","10725628",2
140824,"27853","10725633",2
140824,"27853","10725640",1
140824,"27853","10725644",6
140824,"27853","10725645",2
140824,"27853","10725653",11
140824,"27853","10725657",4
140824,"27853","9967226",1
140824,"27853","9967229",4
140824,"27853","9967252",1
140824,"27853","9967255",6
140824,"33029","10598687",1
140824,"33029","10613913",1
140824,"33029","10613917",4
140824,"33029","10613918",4
140824,"37344","10019074",3
140824,"37344","10019075",6
140824,"37344","10291671",2
140824,"37344","10291683",1
140824,"37344","10291689",4
140824,"37344","10291833",1
140824,"37344","10291860",2
140824,"37344","10495716",4
140824,"37344","10495717",4
140824,"37344","10526807",1
140824,"37344","10526808",1
140824,"37344","10526809",1
140824,"37344","10526810",2
140824,"37344","10526811",1
140824,"37344","10526814",3
140824,"37344","10526816",6
140824,"37344","10526817",1
140824,"37344","10526819",1
140824,"37344","10526823",1
140824,"37344","10526824",4
140824,"37344","10526825",2
140824,"37344","10526826",1
140824,"37344","10526830",1
140824,"37344","10583029",2
140824,"37344","10583034",1
140824,"37344","10598690",2
140824,"37344","10598691",2
140824,"37344","10598692",1
140824,"37344","9975914",1
140824,"37344","9975915",6
140824,"37344","9975916",21
140824,"39858","9939799",1
140824,"39858","9939823",1
140824,"39858","9967632",1
140824,"4","0",25
140824,"43156","10430095",1
140824,"49499","9787360",8
140824,"49864","10402920",1
140824,"49864","9929585",1
140824,"49864","9929586",2
140824,"49864","9929587",1
140824,"49864","9929589",2
140824,"49864","9929590",2
140824,"49864","9929593",2
140824,"49864","9947388",1
140824,"49864","9947389",1
140824,"49864","9947391",1
140824,"49864","9947392",1
140824,"49864","9947393",3
140824,"49864","9947396",2
140824,"49864","9947405",1
140824,"49864","9947406",1
140824,"49864","9947408",2
140824,"49864","9947409",1
140824,"49864","9947413",1
140824,"49864","9947470",1
140824,"49864","9967642",1
140824,"49864","9967643",2
140824,"49864","9967646",6
140824,"49864","9967650",1
140824,"49976","10346900",13
140824,"49976","10346978",12
140824,"49976","10346983",18
140824,"49976","10384424",19
140824,"49976","10384425",2
140824,"49976","10384426",8
140824,"49976","10384427",16
140824,"66166","10375063",1
140824,"66166","10375068",7
140824,"66166","10404572",1
140824,"66166","10405028",1
140824,"66166","10530249",1
140824,"66166","10613630",3
140824,"66166","10613634",1
140824,"66166","10613638",1
140824,"66166","10725596",2
140824,"66166","10725600",1
140824,"66166","10725611",1
140824,"66166","10725620",6
140824,"66166","9957066",2
140824,"66166","9957078",5
140824,"66166","9957098",3
140824,"70689","10613526",2
140824,"70689","10613527",2
140824,"70689","10613528",2
140824,"70689","10613530",8
140824,"70689","10613531",12
140824,"70689","10715009",1
140824,"70689","10715013",1
140824,"70689","9930816",1
140824,"70689","9967612",1
140824,"70689","9967623",2
140824,"70689","9967625",2
140824,"70689","9967626",1
140824,"74239","9964903",5
140824,"74239","9964904",130
140824,"74239","9964905",15
140824,"74239","9964906",15
140824,"74239","9964907",17
140824,"76072","8406594",21033
140824,"82753","10031554",45
140824,"82753","10402834",4
140824,"82753","10613532",4
140824,"82753","10613533",5
140824,"89424","10020254",1
140824,"89424","10115066",1
140824,"89424","10393543",1
140824,"89424","10393561",3
140824,"89424","10393573",2
140824,"89424","10430227",1
140824,"89424","10430325",1
140824,"89424","10430427",1
140824,"89424","10430431",1
140825,"0","0",1
140825,"1","0",20
140825,"26536","7207552",28860
140825,"27853","10375048",7
140825,"27853","10613604",3
140825,"27853","10613610",5
140825,"27853","10613612",2
140825,"27853","10613620",2
140825,"27853","10613623",1
140825,"27853","10725628",1
140825,"27853","10725645",1
140825,"27853","10725653",4
140825,"27853","10725657",4
140825,"27853","9967229",5
140825,"33029","10598687",1
140825,"33029","10613915",1
140825,"33029","10613917",3
140825,"33029","10714907",1
140825,"37344","10019073",1
140825,"37344","10019074",3
140825,"37344","10019075",3
140825,"37344","10291676",3
140825,"37344","10291678",2
140825,"37344","10495716",4
140825,"37344","10526807",2
140825,"37344","10526808",3
140825,"37344","10526809",1
140825,"37344","10526812",3
140825,"37344","10526816",1
140825,"37344","10526817",1
140825,"37344","10526820",3
140825,"37344","10526821",1
140825,"37344","10526823",1
140825,"37344","10526827",1
140825,"37344","10526828",1
140825,"37344","10526832",1
140825,"37344","10526833",1
140825,"37344","10583029",1
140825,"37344","10583030",1
140825,"37344","10598692",4
140825,"37344","10703256",1
140825,"37344","9825174",1
140825,"37344","9975915",6
140825,"37344","9975916",14
140825,"39858","10402905",2
140825,"4","0",13
140825,"43156","10243966",2
140825,"43156","10430095",3
140825,"43156","10513732",4
140825,"43156","10568793",1
140825,"43156","10785183",2
140825,"43156","9975706",1
140825,"44288","10345892",1
140825,"44288","10345895",1
140825,"44288","10345898",1
140825,"49499","9787360",8
140825,"49864","10402869",1
140825,"49864","9929586",3
140825,"49864","9929589",2
140825,"49864","9929590",1
140825,"49864","9929593",1
140825,"49864","9947388",1
140825,"49864","9947389",7
140825,"49864","9947391",4
140825,"49864","9947396",3
140825,"49864","9947404",4
140825,"49864","9947470",17
140825,"49864","9947474",2
140825,"49864","9967640",1
140825,"49864","9967642",3
140825,"49864","9967644",1
140825,"49864","9967646",4
140825,"49864","9967647",1
140825,"49976","10346900",9
140825,"49976","10346978",10
140825,"49976","10346983",9
140825,"49976","10384424",4
140825,"49976","10384425",6
140825,"49976","10384426",6
140825,"49976","10384427",7
140825,"66166","10375063",2
140825,"66166","10375066",1
140825,"66166","10375068",2
140825,"66166","10404774",1
140825,"66166","10412390",1
140825,"66166","10601179",1
140825,"66166","10601363",1
140825,"66166","10613630",3
140825,"66166","10613640",3
140825,"66166","10613642",1
140825,"66166","10725596",1
140825,"66166","10725600",4
140825,"66166","10725611",2
140825,"66166","9957066",2
140825,"66166","9957078",9
140825,"66166","9957079",1
140825,"66166","9957092",1
140825,"66166","9957098",1
140825,"66166","9957108",1
140825,"70689","10613527",1
140825,"70689","10613529",4
140825,"70689","10613530",4
140825,"70689","10613531",10
140825,"70689","9930854",1
140825,"70689","9967621",1
140825,"70689","9967626",1
140825,"70689","9983190",1
140825,"74239","9964903",12
140825,"74239","9964904",110
140825,"74239","9964905",23
140825,"74239","9964906",29
140825,"74239","9964907",23
140825,"76072","8406594",23280
140825,"82753","10031554",68
140825,"82753","10402834",9
140825,"82753","10613532",5
140825,"82753","10613533",2
140825,"87632","9664529",3
140825,"89424","10393543",1
140825,"89424","10393561",1
140825,"89424","10393574",2
140825,"89424","10393586",3
140825,"89424","10430109",2
140825,"89424","10430145",1
140825,"89424","10430249",1
140825,"89424","10430259",1
140825,"89424","10430326",2
140825,"89424","10430327",1
140825,"89424","10430526",1
140825,"89424","9984844",2
140825,"89424","9984849",1
140826,"1","0",24
140826,"26536","7207552",29640
140826,"27853","10375044",1
140826,"27853","10375048",9
140826,"27853","10375052",2
140826,"27853","10601019",1
140826,"27853","10601039",1
140826,"27853","10601060",1
140826,"27853","10613610",7
140826,"27853","10613620",1
140826,"27853","10800056",6
140826,"27853","10800059",9
140826,"27853","10800063",2
140826,"27853","10800066",1
140826,"27853","10800071",4
140826,"27853","9967226",1
140826,"27853","9967229",10
140826,"27853","9967252",1
140826,"27853","9967255",3
140826,"28950","9787889",1
140826,"30768","7652508",1
140826,"33029","10613915",2
140826,"37344","10019073",1
140826,"37344","10019074",1
140826,"37344","10019075",6
140826,"37344","10291676",17
140826,"37344","10291678",1
140826,"37344","10291886",1
140826,"37344","10495716",1
140826,"37344","10495717",1
140826,"37344","10526807",4
140826,"37344","10526808",2
140826,"37344","10526810",2
140826,"37344","10526812",1
140826,"37344","10526814",2
140826,"37344","10526824",7
140826,"37344","10526825",1
140826,"37344","10526827",1
140826,"37344","10526828",1
140826,"37344","10526833",1
140826,"37344","10583029",3
140826,"37344","10598693",1
140826,"37344","9975915",6
140826,"37344","9975916",16
140826,"39858","9929603",1
140826,"39858","9939811",1
140826,"39858","9939866",1
140826,"4","0",48
140826,"43156","10243966",2
140826,"43156","10513385",1
140826,"43156","10785183",6
140826,"43156","9975652",1
140826,"43156","9975706",1
140826,"44288","10345888",1
140826,"44288","10345890",2
140826,"44288","10345895",4
140826,"44288","10345898",3
140826,"49499","10010929",1
140826,"49499","9787360",14
140826,"49864","9929589",4
140826,"49864","9929590",4
140826,"49864","9947389",1
140826,"49864","9947408",2
140826,"49864","9947412",1
140826,"49864","9947470",4
140826,"49864","9947471",3
140826,"49864","9947475",2
140826,"49864","9947476",1
140826,"49864","9947479",1
140826,"49864","9967640",1
140826,"49864","9967642",1
140826,"49864","9967643",1
140826,"49864","9967646",7
140826,"49864","9967647",1
140826,"49864","9967650",1
140826,"49976","10346900",12
140826,"49976","10346978",11
140826,"49976","10346983",12
140826,"49976","10384424",3
140826,"49976","10384425",3
140826,"49976","10384426",8
140826,"49976","10384427",6
140826,"66166","10375063",1
140826,"66166","10375068",3
140826,"66166","10404791",1
140826,"66166","10404938",1
140826,"66166","10405028",1
140826,"66166","10613630",5
140826,"66166","10613631",1
140826,"66166","10613632",1
140826,"66166","10613640",1
140826,"66166","10800020",1
140826,"66166","10800029",1
140826,"66166","10800036",1
140826,"66166","10800039",2
140826,"66166","10800041",1
140826,"66166","10800042",1
140826,"66166","9957066",1
140826,"66166","9957078",5
140826,"66166","9957098",2
140826,"70689","10613526",2
140826,"70689","10613530",5
140826,"70689","10613531",29
140826,"70689","9930825",1
140826,"70689","9930853",2
140826,"70689","9930865",1
140826,"70689","9967626",1
140826,"74239","9964903",1
140826,"74239","9964904",70
140826,"74239","9964905",5
140826,"74239","9964906",12
140826,"74239","9964907",7
140826,"76072","8406594",25140
140826,"82753","10031554",25
140826,"82753","10402834",4
140826,"82753","10613532",9
140826,"82753","10613533",4
140826,"87632","9664497",1
140826,"89424","10020254",2
140826,"89424","10393586",1
140826,"89424","10430136",2
140826,"89424","10430243",1
140826,"89424","10430250",1
140826,"89424","10430324",1
140826,"89424","10430328",1
140826,"89424","10513290",1
140826,"89424","9984825",1
140827,"0","0",1
140827,"1","0",21
140827,"26536","7207552",27540
140827,"27848","9766307",1
140827,"27853","10061889",1
140827,"27853","10375048",1
140827,"27853","10592722",1
140827,"27853","10600923",1
140827,"27853","10600952",1
140827,"27853","10613604",1
140827,"27853","10800056",12
140827,"27853","10800059",6
140827,"27853","10800066",1
140827,"27853","10800069",2
140827,"27853","10800070",1
140827,"27853","9967226",1
140827,"27853","9967227",3
140827,"27853","9967229",12
140827,"27853","9967231",4
140827,"27853","9967237",2
140827,"27853","9967254",1
140827,"27853","9967255",3
140827,"27853","9967269",1
140827,"27853","9993597",1
140827,"30768","7652508",1
140827,"33029","10613913",1
140827,"33029","10613917",2
140827,"33029","9983271",3
140827,"33029","9983330",2
140827,"37344","10019073",1
140827,"37344","10019075",11
140827,"37344","10291671",2
140827,"37344","10291676",9
140827,"37344","10291678",1
140827,"37344","10291689",1
140827,"37344","10291860",2
140827,"37344","10495716",4
140827,"37344","10495717",1
140827,"37344","10526807",8
140827,"37344","10526808",8
140827,"37344","10526809",4
140827,"37344","10526811",1
140827,"37344","10526812",1
140827,"37344","10526816",1
140827,"37344","10526817",1
140827,"37344","10526818",2
140827,"37344","10526819",3
140827,"37344","10526822",1
140827,"37344","10526823",1
140827,"37344","10526824",5
140827,"37344","10526825",4
140827,"37344","10526826",2
140827,"37344","10526827",3
140827,"37344","10526828",6
140827,"37344","10526829",1
140827,"37344","10526830",1
140827,"37344","10526831",1
140827,"37344","10526832",1
140827,"37344","10526833",2
140827,"37344","9975914",2
140827,"37344","9975915",1
140827,"37344","9975916",12
140827,"39858","9939866",1
140827,"4","0",28
140827,"43156","10243966",1
140827,"43156","10430095",1
140827,"43156","10513385",1
140827,"43156","9975706",1
140827,"44288","10345888",1
140827,"44288","10345889",1
140827,"44288","10345895",2
140827,"49499","10010929",1
140827,"49499","9787360",10
140827,"49864","10402916",1
140827,"49864","9929586",2
140827,"49864","9929587",1
140827,"49864","9929589",3
140827,"49864","9929591",1
140827,"49864","9947388",2
140827,"49864","9947405",2
140827,"49864","9947408",8
140827,"49864","9947409",2
140827,"49864","9947470",4
140827,"49864","9947475",1
140827,"49864","9967641",2
140827,"49864","9967642",4
140827,"49864","9967643",12
140827,"49864","9967646",2
140827,"49864","9967647",1
140827,"49864","9967650",2
140827,"49976","10346900",14
140827,"49976","10346978",4
140827,"49976","10346983",8
140827,"49976","10384424",9
140827,"49976","10384425",7
140827,"49976","10384426",14
140827,"49976","10384427",12
140827,"66166","10404860",5
140827,"66166","10613630",3
140827,"66166","10800020",3
140827,"66166","10800024",1
140827,"66166","10800038",1
140827,"66166","10800039",5
140827,"66166","9957078",1
140827,"66166","9957098",3
140827,"66166","9957102",2
140827,"66166","9957108",1
140827,"66166","9957109",1
140827,"70689","10613526",1
140827,"70689","10613530",15
140827,"70689","10613531",8
140827,"74239","9964903",10
140827,"74239","9964904",114
140827,"74239","9964905",12
140827,"74239","9964906",18
140827,"74239","9964907",17
140827,"76072","8406594",24546
140827,"82753","10031554",55
140827,"82753","10402834",4
140827,"82753","10613532",5
140827,"82753","10613533",17
140827,"89424","10393543",1
140827,"89424","10393574",1
140827,"89424","10393586",6
140827,"89424","10430127",2
140827,"89424","10430243",2
140827,"89424","10430259",1
140827,"89424","10430325",1
140827,"89424","9974534",3
140827,"89424","9984725",1
140827,"89424","9984823",2
140828,"0","0",2
140828,"1","0",20
140828,"26536","7207552",26784
140828,"27853","10601019",1
140828,"27853","10725644",1
140828,"27853","10725645",1
140828,"27853","10800055",1
140828,"27853","10800056",6
140828,"27853","10800059",6
140828,"27853","10800063",1
140828,"27853","10800066",1
140828,"27853","10800069",2
140828,"27853","10800070",1
140828,"27853","10800071",1
140828,"27853","9967226",2
140828,"27853","9967229",12
140828,"27853","9967237",4
140828,"27853","9967255",1
140828,"33029","10613917",1
140828,"37344","10019075",3
140828,"37344","10291671",2
140828,"37344","10291676",8
140828,"37344","10291860",2
140828,"37344","10495716",6
140828,"37344","10495717",2
140828,"37344","10526807",4
140828,"37344","10526809",1
140828,"37344","10526810",1
140828,"37344","10526814",3
140828,"37344","10526816",3
140828,"37344","10526817",6
140828,"37344","10526822",1
140828,"37344","10526825",2
140828,"37344","10526833",3
140828,"37344","10583029",1
140828,"37344","10583033",1
140828,"37344","10598691",2
140828,"37344","9975914",1
140828,"37344","9975915",3
140828,"37344","9975916",8
140828,"4","0",27
140828,"43156","10021828",1
140828,"43156","10243966",2
140828,"43156","10430095",6
140828,"43156","10513385",1
140828,"44288","10345895",2
140828,"49499","9787360",3
140828,"49864","9929586",1
140828,"49864","9929593",2
140828,"49864","9947388",4
140828,"49864","9947392",1
140828,"49864","9947408",6
140828,"49864","9947470",9
140828,"49864","9947475",2
140828,"49864","9967642",1
140828,"49864","9967643",2
140828,"49864","9967645",1
140828,"49976","10346900",2
140828,"49976","10346978",15
140828,"49976","10346983",5
140828,"49976","10384425",5
140828,"49976","10384426",2
140828,"49976","10384427",1
140828,"66166","10404772",1
140828,"66166","10404948",1
140828,"66166","10405033",4
140828,"66166","10601383",1
140828,"66166","10800020",4
140828,"66166","10800024",1
140828,"66166","10800035",1
140828,"66166","10800039",3
140828,"66166","10800041",1
140828,"66166","10800042",1
140828,"66166","10832262",2
140828,"66166","10832267",1
140828,"66166","9957066",1
140828,"66166","9957078",4
140828,"66166","9957080",1
140828,"66166","9957098",1
140828,"66166","9957108",3
140828,"66166","9993646",1
140828,"70689","10613526",2
140828,"70689","10613527",2
140828,"70689","10613528",2
140828,"70689","10613530",2
140828,"70689","10613531",3
140828,"70689","10715013",2
140828,"70689","9930860",1
140828,"70689","9967623",1
140828,"70689","9967626",1
140828,"74239","9964904",39
140828,"74239","9964905",8
140828,"74239","9964907",10
140828,"76072","8406594",24059
140828,"82753","10031554",19
140828,"82753","10402834",1
140828,"82753","10613532",3
140828,"82753","10613533",4
140828,"87632","9664581",1
140828,"89424","10101277",4
140828,"89424","10115066",1
140828,"89424","10393561",1
140828,"89424","10393586",3
140828,"89424","10430108",1
140828,"89424","10430109",1
140828,"89424","10430121",3
140828,"89424","10430145",1
140828,"89424","10430191",1
140828,"89424","10430325",1
140828,"89424","10430330",2
140828,"89424","10430453",1
140828,"89424","9984745",1
140829,"0","0",3
140829,"1","0",12
140829,"26536","7207552",28038
140829,"27853","10600898",1
140829,"27853","10800050",2
140829,"27853","10800055",2
140829,"27853","10800056",6
140829,"27853","10800057",1
140829,"27853","10800059",7
140829,"27853","10800062",1
140829,"27853","10800063",2
140829,"27853","10800066",8
140829,"27853","10800069",2
140829,"27853","10832282",1
140829,"27853","9967226",1
140829,"27853","9967229",2
140829,"27853","9967255",1
140829,"27853","9967269",1
140829,"33029","10613915",1
140829,"33029","10789033",1
140829,"33029","10789034",1
140829,"37344","10019074",1
140829,"37344","10019075",8
140829,"37344","10291676",1
140829,"37344","10291860",1
140829,"37344","10495716",3
140829,"37344","10526807",2
140829,"37344","10526808",1
140829,"37344","10526811",3
140829,"37344","10526814",2
140829,"37344","10526816",2
140829,"37344","10526817",3
140829,"37344","10526819",1
140829,"37344","10526824",4
140829,"37344","10526826",1
140829,"37344","10526827",1
140829,"37344","10526829",1
140829,"37344","10526833",1
140829,"37344","10583029",1
140829,"37344","9975914",1
140829,"37344","9975915",1
140829,"37344","9975916",9
140829,"39858","9939820",3
140829,"39858","9967632",1
140829,"4","0",24
140829,"43156","10021828",1
140829,"43156","10243966",4
140829,"43156","10430095",3
140829,"43156","10513385",1
140829,"43156","10785183",10
140829,"44288","10345895",1
140829,"49499","9787360",7
140829,"49864","9929587",1
140829,"49864","9929589",2
140829,"49864","9929590",1
140829,"49864","9947408",2
140829,"49864","9947409",2
140829,"49864","9947471",1
140829,"49864","9947475",1
140829,"49864","9967642",2
140829,"49864","9967646",1
140829,"49864","9967651",1
140829,"49976","10346900",11
140829,"49976","10346978",2
140829,"49976","10346983",8
140829,"49976","10384424",1
140829,"49976","10384425",3
140829,"49976","10384426",6
140829,"49976","10384427",3
140829,"66166","10404781",1
140829,"66166","10404872",1
140829,"66166","10405028",1
140829,"66166","10800020",2
140829,"66166","10800039",9
140829,"66166","10832267",1
140829,"66166","9957066",1
140829,"66166","9957076",1
140829,"66166","9957078",5
140829,"66166","9957108",1
140829,"70689","10613528",1
140829,"70689","10613530",5
140829,"70689","10613531",5
140829,"70689","9930851",2
140829,"70689","9930854",2
140829,"70689","9967623",1
140829,"74239","9964903",1
140829,"74239","9964904",37
140829,"74239","9964905",3
140829,"74239","9964906",8
140829,"74239","9964907",4
140829,"76072","8406594",20277
140829,"82753","10031554",20
140829,"82753","10402834",5
140829,"82753","10613533",2
140829,"89424","10115066",1
140829,"89424","10393543",1
140829,"89424","10393561",1
140829,"89424","10393573",2
140829,"89424","10393586",5
140829,"89424","10430145",2
140829,"89424","10430325",1
140829,"89424","9984709",1
140830,"0","0",5
140830,"1","0",12
140830,"26536","7207552",27957
140830,"27853","10375048",1
140830,"27853","10725664",1
140830,"27853","10800050",3
140830,"27853","10800055",3
140830,"27853","10800056",9
140830,"27853","10800059",10
140830,"27853","10800063",2
140830,"27853","10800069",1
140830,"27853","10832282",3
140830,"27853","10832283",1
140830,"27853","9967218",10
140830,"27853","9967226",3
140830,"27853","9967229",15
140830,"27853","9967237",4
140830,"27853","9967255",1
140830,"30769","9572444",1
140830,"33029","9957597",1
140830,"37344","10019074",1
140830,"37344","10019075",4
140830,"37344","10291676",2
140830,"37344","10495716",1
140830,"37344","10495717",3
140830,"37344","10526809",2
140830,"37344","10526810",3
140830,"37344","10526811",1
140830,"37344","10526817",2
140830,"37344","10526827",1
140830,"37344","9975915",3
140830,"37344","9975916",10
140830,"39858","9939799",1
140830,"39858","9939820",7
140830,"4","0",29
140830,"43156","10430095",2
140830,"43156","10568793",1
140830,"49499","9787360",14
140830,"49864","9929589",1
140830,"49864","9947388",1
140830,"49864","9947391",1
140830,"49864","9947397",1
140830,"49864","9947408",1
140830,"49864","9947468",1
140830,"49864","9947471",1
140830,"49864","9947474",1
140830,"49864","9967642",3
140830,"49864","9967646",1
140830,"49976","10346900",7
140830,"49976","10346978",3
140830,"49976","10346983",3
140830,"49976","10384424",8
140830,"49976","10384425",2
140830,"49976","10384426",1
140830,"49976","10384427",4
140830,"66166","10725620",4
140830,"66166","10800020",5
140830,"66166","10800034",1
140830,"66166","10800039",3
140830,"66166","10800043",1
140830,"66166","10832254",1
140830,"66166","10832273",1
140830,"66166","9957078",1
140830,"66166","9957080",1
140830,"70689","10613529",2
140830,"70689","10613530",7
140830,"70689","10613531",6
140830,"70689","9930831",1
140830,"70689","9930851",1
140830,"70689","9930854",1
140830,"70689","9983053",1
140830,"74239","9964904",32
140830,"74239","9964905",14
140830,"74239","9964906",5
140830,"74239","9964907",9
140830,"76072","8406594",16690
140830,"82753","10031554",14
140830,"82753","10402834",2
140830,"82753","10613532",6
140830,"82753","10613533",1
140830,"89424","10393543",1
140830,"89424","10393561",1
140830,"89424","10430122",1
140830,"89424","10430243",4
140830,"89424","9984725",1
140830,"89424","9984728",1
140831,"0","0",1
140831,"1","0",34
140831,"26536","7207552",27730
140831,"27853","10725644",1
140831,"27853","10725653",1
140831,"27853","10800050",3
140831,"27853","10800055",2
140831,"27853","10800056",6
140831,"27853","10800059",2
140831,"27853","10800063",2
140831,"27853","10800066",2
140831,"27853","10800069",4
140831,"27853","10832282",1
140831,"27853","10832293",1
140831,"27853","9967226",1
140831,"27853","9967229",12
140831,"27853","9967237",5
140831,"27853","9967255",2
140831,"30768","7652508",2
140831,"33029","9983230",1
140831,"37344","10019073",1
140831,"37344","10291676",1
140831,"37344","10291689",3
140831,"37344","10291869",1
140831,"37344","10495716",6
140831,"37344","10495717",2
140831,"37344","10526807",3
140831,"37344","10526808",2
140831,"37344","10526810",1
140831,"37344","10526813",1
140831,"37344","10526814",3
140831,"37344","10526824",3
140831,"37344","10526826",1
140831,"37344","10526828",1
140831,"37344","10583034",1
140831,"37344","10598690",1
140831,"37344","10598691",1
140831,"37344","9975914",1
140831,"37344","9975915",8
140831,"37344","9975916",10
140831,"39858","9939799",1
140831,"39858","9939820",1
140831,"39858","9939866",1
140831,"4","0",33
140831,"43156","10243966",1
140831,"49499","9787360",7
140831,"49864","9929586",1
140831,"49864","9929589",2
140831,"49864","9929590",1
140831,"49864","9947391",1
140831,"49864","9947392",1
140831,"49864","9947397",1
140831,"49864","9947470",1
140831,"49864","9947475",1
140831,"49864","9967642",2
140831,"49864","9967646",2
140831,"49864","9967651",1
140831,"49976","10346900",7
140831,"49976","10346978",4
140831,"49976","10346983",5
140831,"49976","10384424",2
140831,"49976","10384425",1
140831,"49976","10384426",10
140831,"49976","10384427",4
140831,"66166","10375064",1
140831,"66166","10404578",1
140831,"66166","10405033",1
140831,"66166","10800020",3
140831,"66166","10800035",2
140831,"66166","10800036",1
140831,"66166","10800039",5
140831,"66166","10832222",4
140831,"66166","9957066",2
140831,"66166","9957073",2
140831,"66166","9957076",1
140831,"66166","9957078",1
140831,"66166","9957102",1
140831,"66166","9957108",5
140831,"70689","10613529",1
140831,"70689","10613530",6
140831,"70689","10613531",1
140831,"70689","9930854",1
140831,"70689","9967627",1
140831,"74239","9964903",1
140831,"74239","9964904",60
140831,"74239","9964905",3
140831,"74239","9964906",5
140831,"74239","9964907",13
140831,"76072","8406594",18036
140831,"82753","10031554",17
140831,"82753","10402834",1
140831,"82753","10613532",1
140831,"82753","10613533",4
140831,"89424","10010918",3
140831,"89424","10393543",1
140831,"89424","10393561",1
140831,"89424","10393574",1
140831,"89424","10430121",1
140831,"89424","10430145",1
140831,"89424","10430243",4
140831,"89424","10430322",1
