"0-0-0-0-orixlife.digitaldesk.jp",22
"0-0-0-0-www.hoken-meijin.com",1
"0-0-0-0-www.orixlife.jp",22682
"0-0-391761-0-None",1
"10166869-0-0-3-None",6
"10166870-0-0-3-None",23
"10166870-1-302384-3-None",2
"10166871-0-0-3-None",9
"10166872-0-0-3-None",23
"10166872-1-327339-3-None",1
"10166872-1-391761-3-None",4
"10166873-0-0-3-None",3
"10166881-0-0-3-None",18
"10166881-1-391761-3-None",1
"10166882-0-0-3-None",20
"10166885-0-0-3-None",2
"10166885-1-391761-3-None",1
"10166888-0-0-3-None",1
"10166889-0-0-3-None",1
"10166890-0-0-3-None",8
"10166891-0-0-3-None",42
"10166891-1-302384-3-None",2
"10166891-1-327339-3-None",1
"10166891-1-391761-3-None",3
"10166892-0-0-3-None",11
"10166893-0-0-3-None",10
"10166894-0-0-3-None",9
"10166894-1-302385-3-None",1
"10166899-0-0-3-None",1
"10166900-0-0-3-None",12
"10166901-0-0-3-None",13
"10166902-0-0-3-None",54
"10166903-0-0-3-None",51
"10166903-1-302384-3-None",1
"10166904-0-0-3-None",1
"10166905-0-0-3-None",5
"10166906-0-0-3-None",1
"10166908-0-0-3-None",36
"10166908-1-302384-3-None",1
"10166909-0-0-3-None",19
"10166909-1-391761-3-None",1
"10166910-0-0-3-None",27
"10166911-0-0-3-None",112
"10166911-4-302384-3-None",1
"10166911-4-302444-3-None",1
"10166912-0-0-3-None",10
"10166913-4-391761-3-None",1
"10166914-0-0-3-None",8
"10166914-4-302446-3-None",1
"10166915-0-0-3-None",2
"10166917-0-0-3-None",170
"10166917-4-302384-3-None",1
"10166917-4-302446-3-None",1
"10166918-0-0-3-None",41
"10166919-0-0-3-None",8
"10166920-0-0-3-None",1
"10166925-0-0-3-None",20
"10166925-4-302385-3-None",1
"10166925-4-327340-3-None",1
"10166926-0-0-3-None",71
"10166927-0-0-3-None",2
"10166928-0-0-3-None",78
"10166928-4-302384-3-None",1
"10166928-4-302446-3-None",2
"10166928-4-327339-3-None",2
"10166928-4-391761-3-None",1
"10166929-0-0-3-None",17
"10166930-0-0-3-None",1
"10166933-0-0-3-None",1
"10166934-0-0-3-None",3
"10166934-4-302384-3-None",1
"10166935-0-0-3-None",4
"10166936-0-0-3-None",6
"10166937-0-0-3-None",19
"10166937-4-302384-3-None",1
"10166937-4-302385-3-None",1
"10166937-4-302446-3-None",1
"10166938-0-0-3-None",2
"10166939-0-0-3-None",7
"10166940-0-0-3-None",1
"10166942-0-0-3-None",1
"10166943-0-0-3-None",5
"10166944-0-0-3-None",2
"10166945-0-0-3-None",1
"10166947-0-0-3-None",22
"10166948-0-0-3-None",9
"10166949-0-0-3-None",76
"10166949-4-302384-3-None",1
"10166950-0-0-3-None",5
"10175931-0-0-3-None",1
"10175932-0-0-3-None",3
"10175933-0-0-3-None",2
"10175934-0-0-3-None",2
"10175935-0-0-3-None",2
"10212918-0-0-3-None",1
"10212924-0-0-3-None",16
"10212925-0-0-3-None",1
"10212927-0-0-3-None",1
"10212931-0-0-3-None",2
"10212937-0-0-3-None",2
"10212938-0-0-3-None",4
"10213024-0-0-3-None",3
"10213025-0-0-3-None",7
"10213272-0-0-3-None",1
"10216956-0-0-3-None",30
"10216957-0-0-3-None",7
"10216957-1-302446-3-None",1
"10216957-1-327340-3-None",1
"10216959-0-0-3-None",12
"10216960-0-0-3-None",2
"10217051-0-0-3-None",5
"10217052-0-0-3-None",1
"10217053-0-0-3-None",21
"10217055-0-0-3-None",2
"10217056-0-0-3-None",124
"10217056-4-302384-3-None",3
"10217056-4-302445-3-None",1
"10217056-4-327339-3-None",1
"10230644-0-0-3-None",2
"10230644-1-302384-3-None",1
"10230655-0-0-3-None",12
"10230655-1-302385-3-None",1
"10230659-0-0-3-None",73
"10230659-1-302384-3-None",1
"10230661-0-0-3-None",5
"10230686-0-0-3-None",6
"10230686-4-302385-3-None",1
"10230687-0-0-3-None",5
"10230688-0-0-3-None",1
"10230699-0-0-3-None",10
"10249783-1-391761-3-None",1
"10259607-0-0-3-None",6
"10273321-0-0-3-None",18
"10273321-1-302446-3-None",1
"10273321-1-327339-3-None",1
"10273322-0-0-3-None",35
"10273322-1-302384-3-None",1
"10273323-0-0-3-None",5
"10273323-1-302384-3-None",1
"10273324-0-0-3-None",7
"10273325-0-0-3-None",3
"10273326-0-0-3-None",78
"10273326-1-302384-3-None",4
"10273326-1-302385-3-None",1
"10273326-1-302446-3-None",3
"10273326-1-327339-3-None",1
"10273328-0-0-3-None",7
"10273329-0-0-3-None",7
"10273391-0-0-3-None",2
"304269-26536-0-1-None",35029
"304269-26536-391761-1-None",29409
"307761-30768-0-2-None",4
"307761-30768-0-4-None",4
"307761-33354-0-1-None",45
"307761-33354-0-4-None",396
"307761-70689-0-1-None",12
"307761-70689-0-4-None",108
"355827-76072-0-1-None",23114
"355827-76072-0-4-None",113521
"355827-76072-370718-1-None",21033
"358278-74019-0-1-None",4
"358278-74019-0-4-None",36
"405642-30769-0-2-None",19
"405642-30769-0-4-None",19
"405642-87632-0-2-None",11
"405642-87632-0-4-None",11
"409629-27848-0-2-None",15
"409629-27848-0-4-None",15
"409629-27848-302446-2-None",1
"409629-27848-327339-2-None",1
"409629-28950-0-2-None",45
"409629-28950-0-4-None",45
"409629-33029-0-2-None",295
"409629-33029-0-4-None",295
"409629-33029-302384-2-None",1
"409629-33029-391761-2-None",9
"409629-37344-0-1-None",4680
"409629-37344-0-2-None",1
"409629-37344-0-4-None",26818
"409629-37344-302384-1-None",2
"409629-37344-302385-1-None",3
"409629-37344-302446-1-None",4
"409629-37344-327339-1-None",4
"409629-37344-327340-1-None",1
"409629-37344-391761-1-None",74
"409629-37344-391761-2-None",1
"409629-39858-327339-1-None",1
"409629-39858-391761-1-None",2
"409629-49499-0-2-None",355
"409629-49499-0-4-None",355
"409629-49499-302384-2-None",3
"409629-49499-391761-2-None",5
"409629-49864-302384-1-None",2
"409629-49864-302385-1-None",1
"409629-49864-327339-1-None",1
"409629-49864-391761-1-None",33
"409629-70689-0-1-None",1895
"409629-70689-0-2-None",49
"409629-70689-0-4-None",7601
"409629-70689-302384-1-None",2
"409629-70689-302384-2-None",1
"409629-70689-302385-1-None",1
"409629-70689-302449-1-None",1
"409629-70689-327339-1-None",1
"409629-70689-363503-1-None",2
"409629-70689-391761-1-None",25
"409629-70689-391761-2-None",2
"409629-74019-0-1-None",5
"409629-74019-0-4-None",45
"409629-74239-302384-1-None",1
"409629-74239-391761-1-None",181
"409629-82753-0-1-None",2419
"409629-82753-0-2-None",57
"409629-82753-0-4-None",11434
"409629-82753-302384-1-None",1
"409629-82753-391761-1-None",57
"421670-66166-0-2-None",484
"421670-66166-0-4-None",484
"421670-66166-302384-2-None",13
"421670-66166-302385-2-None",8
"421670-66166-302446-2-None",7
"421670-66166-327339-2-None",2
"421670-66166-327340-2-None",1
"421670-66166-363503-2-None",4
"421670-66166-391761-2-None",1
"422046-30768-0-2-None",1
"422046-30768-0-4-None",1
"422046-89424-0-2-None",239
"422046-89424-0-4-None",239
"422046-89424-302384-2-None",6
"422046-89424-302385-2-None",1
"422155-27853-0-2-None",649
"422155-27853-0-4-None",649
"422155-27853-302384-2-None",25
"422155-27853-302385-2-None",10
"422155-27853-302388-2-None",2
"422155-27853-302446-2-None",7
"422155-27853-327339-2-None",9
"422155-27853-327340-2-None",3
"422155-27853-363503-2-None",4
"422474-43156-0-2-None",1
"422474-43156-0-4-None",1
"424032-43156-0-2-None",2
"424032-43156-0-4-None",2
"424075-89424-0-2-None",7
"424075-89424-0-4-None",7
"424075-89424-327339-2-None",1
"436483-49976-391761-1-None",85
"436483-49976-391761-2-None",3
"439347-89424-0-2-None",398
"439347-89424-0-4-None",398
"439347-89424-302384-2-None",4
"439576-43156-0-2-None",4
"439576-43156-0-4-None",4
"439576-43156-492783-2-None",1
"key_def","Count"
